species_taxon	clean_wastewater	cleaned_SRR35556007_1	cleaned_SRR35556007_2	cleaned_SRR35556008_1	cleaned_SRR35556008_2	cleaned_SRR35556009_1	cleaned_SRR35556009_2	cleaned_SRR35939735_1	cleaned_SRR35939735_2	cleaned_SRR35939736_1	cleaned_SRR35939736_2	cleaned_SRR35939737_1	cleaned_SRR35939737_2	cleaned_SRR35939738_1	cleaned_SRR35939738_2	cleaned_SRR35939739_1	cleaned_SRR35939739_2	cleaned_SRR35939740_1	cleaned_SRR35939740_2
Acetobacter aceti	1	1	0	1	3	1	0	0	0	0	0	0	0	0	0	0	0	0	0
Acetobacter ghanensis	4	2	4	0	0	1	0	0	0	0	0	0	0	0	0	0	0	0	0
Acetobacter pasteurianus	0	0	0	20	25	0	0	0	0	0	0	0	0	0	0	0	0	0	0
Acetobacter persici	2	1	1	0	0	0	0	0	0	0	0	0	0	0	0	0	0	0	0
Acetobacter vaccinii	0	0	0	1	1	1	1	0	0	0	0	0	0	0	0	0	0	0	0
Achromobacter pestifer	2	1	1	38	35	5	5	0	0	0	0	0	0	0	0	0	0	0	0
Achromobacter ruhlandii	0	0	0	0	1	0	0	0	0	0	0	0	0	0	0	0	0	0	0
Achromobacter sp.	12	6	4	9	12	8	8	0	0	0	0	0	0	0	0	0	0	0	0
Achromobacter xylosoxidans	0	0	0	3	1	0	0	0	0	0	0	0	0	0	0	0	0	0	0
Acidihalobacter aeolianus	2	1	1	1	0	1	4	0	0	0	0	0	0	0	0	0	0	0	0
Acidiphilium acidophilum	1	0	1	0	0	0	0	0	0	0	0	0	0	0	0	0	0	0	0
Acidiphilium multivorum	0	0	0	0	0	0	0	0	0	0	0	0	0	0	0	0	0	0	0
Acidithiobacillus caldus	121	62	61	4	1	10	6	0	0	0	0	0	0	0	0	0	0	0	0
Acidithiobacillus ferrianus	0	0	0	0	0	1	0	0	0	0	0	0	0	0	0	0	0	0	0
Acidovorax carolinensis	47	21	21	79	78	55	48	0	0	0	0	0	0	0	0	0	0	0	0
Acidovorax delafieldii	1	1	0	2	1	0	0	0	0	0	0	0	0	0	0	0	0	0	0
Acidovorax facilis	13	7	5	27	21	4	3	0	0	0	0	0	0	0	0	0	0	0	0
Acidovorax sp. 210-6	94	52	44	1	1	2	3	0	0	0	0	0	0	0	0	0	0	0	0
Acidovorax sp. A79	30	18	13	33	28	22	19	0	0	0	0	0	0	0	0	0	0	0	0
Acidovorax sp. DW039	436	217	199	310	299	121	107	0	0	0	0	0	0	0	0	0	0	0	0
Acidovorax sp. GBBC 1281	2	2	0	1	0	0	0	0	0	0	0	0	0	0	0	0	0	0	0
Acidovorax sp. K2F	3	2	1	2	2	4	5	0	0	0	0	0	0	0	0	0	0	0	0
Acidovorax sp. T1	39	20	18	47	45	65	64	0	0	0	0	0	0	0	0	0	0	0	0
Acidovorax temperans	245	116	119	74	88	139	122	0	0	0	0	0	0	0	0	0	0	0	0
Acinetobacter baumannii	140	65	71	492	459	104	103	0	0	0	0	0	0	0	0	0	0	0	0
Acinetobacter bereziniae	4	2	2	8	6	3	1	0	0	0	0	0	0	0	0	0	0	0	0
Acinetobacter chinensis	1	1	0	2	2	0	0	0	0	0	0	0	0	0	0	0	0	0	0
Acinetobacter corruptisaponis	0	0	0	3	6	1	1	0	0	0	0	0	0	0	0	0	0	0	0
Acinetobacter cumulans	22	11	9	13	10	8	5	0	0	0	0	0	0	0	0	0	0	0	0
Acinetobacter defluvii	5	2	3	6	4	0	0	0	0	0	0	0	0	0	0	0	0	0	0
Acinetobacter entericus	0	0	0	1	1	0	0	0	0	0	0	0	0	0	0	0	0	0	0
Acinetobacter gandensis	0	0	0	6	8	3	4	0	0	0	0	0	0	0	0	0	0	0	0
Acinetobacter gerneri	1	0	1	1	0	1	0	0	0	0	0	0	0	0	0	0	0	0	0
Acinetobacter haemolyticus	5	4	2	23	26	4	3	1	1	0	0	0	0	0	0	0	0	0	0
Acinetobacter indicus	8	3	5	7	8	1	3	0	0	0	0	0	0	0	0	0	0	0	0
Acinetobacter johnsonii	33	17	14	24	25	13	15	0	0	0	0	0	0	0	0	0	0	0	0
Acinetobacter junii	2	1	1	4	3	0	0	286	274	0	0	0	0	0	0	0	0	0	0
Acinetobacter larvae	2	1	1	0	0	1	1	0	0	0	0	0	0	0	0	0	0	0	0
Acinetobacter lwoffii	22	11	10	26	29	11	7	0	0	0	0	0	0	0	0	0	0	0	0
Acinetobacter nosocomialis	1	1	0	0	0	3	5	0	0	0	0	0	0	0	0	0	0	0	0
Acinetobacter piscicola	5	3	2	8	6	1	4	0	0	0	0	0	0	0	0	0	0	0	0
Acinetobacter pittii	5	2	3	26	22	5	7	0	0	0	0	0	0	0	0	0	0	0	0
Acinetobacter portensis	1	0	1	1	2	4	2	0	0	0	0	0	0	0	0	0	0	0	0
Acinetobacter pseudolwoffii	11	5	5	14	15	5	4	0	0	0	0	0	0	0	0	0	0	0	0
Acinetobacter radioresistens	9	3	6	2	1	0	1	0	0	0	0	0	0	0	0	0	0	0	0
Acinetobacter schindleri	6	3	3	14	14	0	0	0	0	0	0	0	0	0	0	0	0	0	0
Acinetobacter sedimenti	0	0	0	0	1	0	0	0	0	0	0	0	0	0	0	0	0	0	0
Acinetobacter seifertii	0	0	0	14	15	1	1	0	0	0	0	0	0	0	0	0	0	0	0
Acinetobacter septicus	2	1	1	2	1	3	2	0	0	0	0	0	0	0	0	0	0	0	0
Acinetobacter soli	12	5	7	7	6	1	1	0	0	0	0	0	0	0	0	0	0	0	0
Acinetobacter sp.	2	1	1	1	1	0	0	0	0	0	0	0	0	0	0	0	0	0	0
Acinetobacter sp. 10FS3-1	1	0	1	7	5	0	0	0	0	0	0	0	0	0	0	0	0	0	0
Acinetobacter sp. A1-4-2	2	1	1	2	1	0	0	0	0	0	0	0	0	0	0	0	0	0	0
Acinetobacter sp. ACNIH2	4	2	2	1	1	4	4	54	48	0	0	0	0	0	0	0	0	0	0
Acinetobacter sp. AHP123	0	0	0	0	0	1	1	0	0	0	0	0	0	0	0	0	0	0	0
Acinetobacter sp. ANC 7201	4	2	2	4	1	0	0	0	0	0	0	0	0	0	0	0	0	0	0
Acinetobacter sp. ESL0695	0	0	0	0	0	1	1	0	0	0	0	0	0	0	0	0	0	0	0
Acinetobacter sp. FDAARGOS_724	0	0	0	1	1	0	0	0	0	0	0	0	0	0	0	0	0	0	0
Acinetobacter sp. LoGeW2-3	3	2	1	0	0	0	0	0	0	0	0	0	0	0	0	0	0	0	0
Acinetobacter sp. M131	0	0	0	1	0	0	0	0	0	0	0	0	0	0	0	0	0	0	0
Acinetobacter sp. NCu2D-2	5	2	3	1	1	0	0	0	0	0	0	0	0	0	0	0	0	0	0
Acinetobacter sp. NEB 394	26	13	12	31	31	13	15	0	0	0	0	0	0	0	0	0	0	0	0
Acinetobacter sp. NEB149	0	0	0	2	1	1	0	0	0	0	0	0	0	0	0	0	0	0	0
Acinetobacter sp. P1332	0	0	0	0	0	2	2	0	0	0	0	0	0	0	0	0	0	0	0
Acinetobacter sp. PC34	4	2	2	0	0	1	0	0	0	0	0	0	0	0	0	0	0	0	0
Acinetobacter sp. PK01	0	0	0	0	1	0	1	0	0	0	0	0	0	0	0	0	0	0	0
Acinetobacter sp. Res13-Abat-PEC07-P2-02	0	0	0	0	0	1	1	0	0	0	0	0	0	0	0	0	0	0	0
Acinetobacter sp. SAAs474	0	0	0	2	1	0	0	0	0	0	0	0	0	0	0	0	0	0	0
Acinetobacter sp. SCLZS86	2	1	1	1	4	0	0	0	0	0	0	0	0	0	0	0	0	0	0
Acinetobacter sp. SH20PTE14	3	2	1	6	4	0	0	0	0	0	0	0	0	0	0	0	0	0	0
Acinetobacter sp. SWBY1	0	0	0	1	2	0	2	0	0	0	0	0	0	0	0	0	0	0	0
Acinetobacter sp. TAC-1	0	0	0	0	0	2	2	0	0	0	0	0	0	0	0	0	0	0	0
Acinetobacter sp. TGL-Y2	0	0	0	2	2	0	0	0	0	0	0	0	0	0	0	0	0	0	0
Acinetobacter sp. TR11	2	1	1	5	5	2	2	0	0	0	0	0	0	0	0	0	0	0	0
Acinetobacter sp. TR3	8	4	4	20	19	2	2	0	1	0	0	0	0	0	0	0	0	0	0
Acinetobacter sp. TTH0-4	0	0	0	1	0	0	0	0	0	0	0	0	0	0	0	0	0	0	0
Acinetobacter sp. WCHA45	2	1	1	2	3	2	2	0	0	0	0	0	0	0	0	0	0	0	0
Acinetobacter sp. WCHA55	4	2	2	3	3	3	3	0	0	0	0	0	0	0	0	0	0	0	0
Acinetobacter sp. WCHAc010034	77	37	39	458	449	46	42	0	0	0	0	0	0	0	0	0	0	0	0
Acinetobacter sp. WY4	0	0	0	1	1	0	0	0	0	0	0	0	0	0	0	0	0	0	0
Acinetobacter sp. XH1801	40	22	17	77	86	45	48	18	5	0	0	0	0	1	0	0	0	0	0
Acinetobacter sp. YH12138	4	3	1	5	4	0	1	0	0	0	0	0	0	0	0	0	0	0	0
Acinetobacter sp. YT-02	3	2	1	3	5	0	0	0	0	0	0	0	0	0	0	0	0	0	0
Acinetobacter sp. YWS30-1	1	1	0	0	0	0	0	0	0	0	0	0	0	0	0	0	0	0	0
Acinetobacter sp. Z1	2	1	1	1	2	0	0	0	0	0	0	0	0	0	0	0	0	0	0
Acinetobacter tandoii	2	1	1	0	0	0	0	0	0	0	0	0	0	0	0	0	0	0	0
Acinetobacter terrestris	4	2	2	0	1	2	2	0	0	0	0	0	0	0	0	0	0	0	0
Acinetobacter thermotolerans	3	1	2	21	20	8	3	0	0	0	0	0	0	0	0	0	0	0	0
Acinetobacter tibetensis	0	0	0	1	0	1	0	0	0	0	0	0	0	0	0	0	0	0	0
Acinetobacter towneri	22	12	10	23	19	5	6	32	29	0	0	0	0	0	0	0	0	0	0
Acinetobacter ursingii	10	5	5	26	21	7	5	0	0	0	0	0	0	0	0	0	0	0	0
Acinetobacter variabilis	6	3	3	11	9	2	2	0	0	0	0	0	0	0	0	0	0	0	0
Acinetobacter venetianus	0	0	0	0	1	0	0	0	0	0	0	0	0	0	0	0	0	0	0
Acinetobacter wuhouensis	16	8	8	31	34	12	13	0	0	0	0	0	0	0	0	0	0	0	0
Actinacidiphila sp. ITFR-21	3	1	2	0	0	0	0	0	0	0	0	0	0	0	0	0	0	0	0
Actinobacillus pleuropneumoniae	0	0	0	0	0	2	1	0	0	0	0	0	0	0	0	0	0	0	0
Actinomyces oris	0	0	0	3	2	31	29	0	0	0	0	0	0	0	0	0	0	0	0
Actinomyces sp. oral taxon 897	0	0	0	0	1	0	0	0	0	0	0	0	0	0	0	0	0	0	0
Actinomycetospora sp. CA-084318	0	0	0	0	1	0	0	0	0	0	0	0	0	0	0	0	0	0	0
Acuticoccus sp. I52.16.1	0	0	0	4	1	2	3	0	2	0	0	0	0	0	0	0	0	0	0
Aeromonas allosaccharophila	12	7	5	15	11	24	23	0	0	0	0	0	0	0	0	0	0	0	0
Aeromonas caviae	23219	11480	10795	21030	19892	16293	15342	19	17	0	0	5	21	339	350	2	4	11	29
Aeromonas dhakensis	10	3	5	6	7	32	24	0	0	0	0	0	0	0	0	0	0	0	0
Aeromonas hydrophila	35	18	16	639	619	881	838	0	0	0	0	0	0	0	0	0	0	0	0
Aeromonas jandaei	1	0	1	23	20	53	50	0	0	0	0	0	0	0	0	0	0	0	0
Aeromonas media	68	38	30	100	92	122	120	0	0	0	0	0	0	0	0	0	0	0	0
Aeromonas rivipollensis	14	7	7	57	48	115	111	0	0	0	0	0	0	0	0	0	0	0	0
Aeromonas salmonicida	22	13	8	61	61	66	55	0	0	0	0	0	0	0	0	0	0	0	0
Aeromonas sobria	0	0	0	2	1	1	1	0	0	0	0	0	0	0	0	0	0	0	0
Aeromonas sp.	2	1	1	9	11	5	4	0	0	0	0	0	0	0	0	0	0	0	0
Aeromonas sp. 19NY04SH05-1	2	1	1	8	7	7	6	0	0	0	0	0	0	0	0	0	0	0	0
Aeromonas sp. 2692-1	0	0	0	2	2	1	1	0	0	0	0	0	0	0	0	0	0	0	0
Aeromonas sp. ARM81	2	1	1	2	2	1	1	0	0	0	0	0	0	0	0	0	0	0	0
Aeromonas sp. ASNIH2	5	2	3	51	50	20	10	0	0	0	0	0	0	0	0	0	0	0	0
Aeromonas sp. ASNIH3	0	0	0	1	1	0	0	0	0	0	0	0	0	0	0	0	0	0	0
Aeromonas sp. ASNIH4	26	13	14	6	7	56	56	0	0	0	0	0	0	0	0	0	0	0	0
Aeromonas sp. FDAARGOS 1402	4	2	2	11	7	3	4	0	0	0	0	0	0	0	0	0	0	0	0
Aeromonas sp. FDAARGOS 1415	0	0	0	1	0	0	0	0	0	0	0	0	0	0	0	0	0	0	0
Aeromonas sp. FDAARGOS 1417	0	0	0	0	0	1	1	0	0	0	0	0	0	0	0	0	0	0	0
Aeromonas sp. FL131	2	1	1	2	4	2	3	0	0	0	0	0	0	0	0	0	0	0	0
Aeromonas sp. INTO2	75	39	32	30	28	80	80	0	0	0	0	0	0	0	0	0	0	0	0
Aeromonas sp. WP2-W18-CRE-05	1	1	0	8	8	6	3	0	0	0	0	0	0	0	0	0	0	0	0
Aeromonas taiwanensis	3	1	2	1	0	0	0	0	0	0	0	0	0	0	0	0	0	0	0
Aeromonas veronii	4999	2505	2354	798	688	2201	2079	0	0	0	0	0	0	0	0	0	0	0	0
Afonbuvirus faecalis	0	0	0	0	0	0	0	0	0	0	0	0	0	0	0	0	0	0	0
Afonbuvirus intestinihominis	0	0	0	0	0	0	0	0	0	0	0	0	0	0	0	0	0	0	0
Agathobacter rectalis	57	28	26	8	7	3	3	0	0	0	0	0	0	0	0	0	0	0	0
Agrobacterium fabrum	0	0	0	1	0	0	1	0	0	0	0	0	0	0	0	0	0	0	0
Agrobacterium larrymoorei	0	0	0	1	0	0	0	0	0	0	0	0	0	0	0	0	0	0	0
Agrobacterium leguminum	2	1	1	1	0	0	0	0	0	0	0	0	0	0	0	0	0	0	0
Agrobacterium pusense	4	2	2	3	4	1	1	0	0	0	0	0	0	0	0	0	0	0	0
Agrobacterium sp. rho-13.3	0	0	0	1	1	0	0	0	0	0	0	0	0	0	0	0	0	0	0
Agrobacterium tumefaciens	4	2	2	113	115	1	0	0	0	0	0	0	0	0	0	0	0	0	0
Agrobacterium vitis	2	1	1	0	0	0	0	0	0	0	0	0	0	0	0	0	0	0	0
Agtrevirus EM4	0	0	0	0	0	0	0	0	0	0	0	0	0	0	0	0	0	0	0
Agtrevirus MK13	0	0	0	0	0	0	0	0	0	0	0	0	0	0	0	0	0	0	0
Agtrevirus P46FS4	0	0	0	0	0	0	0	0	0	0	0	0	0	0	0	0	0	0	0
Akkermansia muciniphila	0	0	1	2	2	2	1	0	0	0	0	0	0	0	0	0	0	0	0
Alcaligenes faecalis	2	1	1	0	0	2	1	0	0	0	0	0	0	0	0	0	0	0	0
Aliarcobacter butzleri	65	30	32	67	57	69	61	0	0	0	0	0	0	0	0	0	0	0	0
Aliarcobacter cibarius	83	47	35	607	584	682	650	138	139	5	3	78	75	1516	1421	2	1	48	51
Aliarcobacter cryaerophilus	48	23	25	40	43	43	40	0	0	0	0	0	0	0	0	0	0	0	0
Aliarcobacter faecis	12	6	6	11	13	13	14	0	0	0	0	0	0	0	0	0	0	0	0
Aliarcobacter lanthieri	1	0	1	0	1	1	1	0	0	0	0	0	0	0	0	0	0	0	0
Alicycliphilus denitrificans	35	18	16	32	28	40	42	0	0	0	0	0	0	0	0	0	0	0	0
Aliiroseovarius crassostreae	2	1	1	0	0	0	0	0	0	0	0	0	0	0	0	0	0	0	0
Alkanindiges sp. WGS2144	0	0	0	2	4	1	2	0	0	0	0	0	0	0	0	0	0	0	0
Allocoleopsis franciscana	0	0	0	0	0	0	0	0	0	0	0	0	0	0	0	0	0	0	0
Allorhizobium pseudoryzae	4	2	2	3	3	0	0	0	0	0	0	0	0	0	0	0	0	0	0
Alloyangia pacifica	2	1	1	0	0	0	0	0	0	0	0	0	0	0	0	0	0	0	0
Alloyangia sp. H15	2	1	1	1	1	0	0	0	0	0	0	0	0	0	0	0	0	0	0
Alteromonas macleodii	1	1	0	11	8	5	4	0	0	0	0	0	0	0	0	0	0	0	0
Aminobacter sp. BA135	0	0	0	3	5	0	0	0	0	0	0	0	0	0	0	0	0	0	0
Aminobacter sp. MDW-2	1	1	0	0	0	0	0	0	0	0	0	0	0	0	0	0	0	0	0
Aminobacter sp. NyZ550	2	1	1	0	0	1	1	0	0	0	0	0	0	0	0	0	0	0	0
Aminobacter sp. SR38	9	5	4	7	3	1	2	0	0	0	0	0	0	0	0	0	0	0	0
Amniculibacterium sp. G2-70	8	4	4	5	4	2	2	0	0	0	0	0	0	0	0	0	0	0	0
Amphritea japonica	0	0	0	5	4	3	3	0	0	0	0	0	0	0	0	0	0	0	0
Ampullimonas aquatilis	23	11	12	34	33	1	1	0	0	0	0	0	0	0	0	0	0	0	0
Antarcticirhabdus aurantiaca	0	0	0	1	1	0	0	0	0	0	0	0	0	0	0	0	0	0	0
Aptresvirus mana	0	0	0	0	0	0	0	0	0	0	0	0	0	0	0	0	0	0	0
Aquabacterium olei	50	24	25	13	12	19	12	0	0	0	0	0	0	0	0	0	0	0	0
Aquabacterium sp. OR-4	83	45	38	73	50	37	27	0	0	0	0	0	0	0	0	0	0	0	0
Aquincola tertiaricarbonis	1	1	0	0	0	1	0	0	0	0	0	0	0	0	0	0	0	0	0
Aquipseudomonas alcaligenes	0	0	0	2	1	1	1	0	0	0	0	0	0	0	0	0	0	0	0
Arcobacter cloacae	3	2	1	63	56	4	5	0	0	0	0	0	0	0	0	0	0	1	1
Arenibacterium sp. LLYu02	0	0	0	1	0	1	0	0	0	0	0	0	0	0	0	0	0	0	0
Aromatoleum aromaticum	0	0	0	0	0	0	0	0	0	0	0	0	0	0	0	0	0	0	0
Aromatoleum buckelii	1	1	0	3	3	3	4	0	0	0	0	0	0	0	0	0	0	0	0
Arthrobacter caoxuetaonis	8	4	4	0	0	0	0	0	0	0	0	0	0	0	0	0	0	0	0
Arthrobacter sp. ERGS1:01	4	1	2	0	0	0	0	0	0	0	0	0	0	0	0	0	0	0	0
Arthrobacter sp. StoSoilB13	0	0	0	0	0	1	1	0	0	0	0	0	0	0	0	0	0	0	0
Arthrobacter sp. U41	2	1	1	0	0	0	0	0	0	0	0	0	0	0	0	0	0	0	0
Asticcacaulis excentricus	0	0	0	0	0	0	0	0	0	0	0	0	0	0	0	0	0	0	0
Asticcacaulis solisilvae	0	0	0	1	1	0	0	0	0	0	0	0	0	0	0	0	0	0	0
Asticcacaulis sp. MM231	0	0	0	2	2	1	1	2	2	0	0	0	0	0	0	0	0	0	0
Astrithrvirus astrithr	0	0	0	0	0	0	0	0	0	0	0	0	0	0	0	0	0	0	0
Aurantiacibacter atlanticus	0	0	0	0	0	1	0	0	0	0	0	0	0	0	0	0	0	0	0
Aureibacter tunicatorum	0	0	0	1	0	0	0	0	0	0	0	0	0	0	0	0	0	0	0
Aureimonas sp. AU20	35	18	18	2	4	0	0	0	0	0	0	0	0	0	0	0	0	0	0
Aureimonas ureilytica	0	0	0	0	0	2	1	0	0	0	0	0	0	0	0	0	0	0	0
Azoarcus sp. KH32C	4	2	2	5	3	5	7	0	0	0	0	0	0	0	0	0	0	0	0
Azohydromonas lata	2	1	1	2	1	1	2	0	0	0	0	0	0	0	0	0	0	0	0
Azonexus hydrophilus	8	3	4	11	11	11	15	4	0	0	0	0	0	0	0	0	0	0	0
Azonexus sp. IMCC34839	0	0	0	1	1	0	0	0	0	0	0	0	0	0	0	0	0	0	0
Azospira sp. I09	12	7	5	23	23	8	10	0	0	0	0	0	0	0	0	0	0	0	0
Azospirillum argentinense	13	6	7	16	17	5	4	0	0	0	0	0	0	0	0	0	0	0	0
Azospirillum baldaniorum	0	0	0	1	0	0	0	0	0	0	0	0	0	0	1	0	0	0	1
Azospirillum brasilense	4	2	2	5	4	6	8	0	0	0	0	0	0	0	0	0	0	0	0
Azospirillum formosense	0	0	0	1	0	0	0	0	0	0	0	0	0	0	0	0	0	0	0
Azospirillum humicireducens	3	1	2	14	12	8	8	0	0	0	0	0	0	0	0	0	0	0	0
Azospirillum lipoferum	0	0	0	0	0	0	0	0	0	0	0	0	0	0	0	0	0	0	0
Azospirillum oryzae	4	2	2	3	3	0	1	0	0	0	0	0	0	0	0	0	0	0	0
Azospirillum ramasamyi	4	2	2	2	3	11	12	0	0	0	0	0	0	0	0	0	0	0	0
Azospirillum sp. A23	3	2	1	1	1	1	3	0	0	0	0	0	0	0	0	0	0	0	0
Azospirillum sp. B2RO_4	0	0	0	1	1	0	0	0	0	0	0	0	0	0	0	0	0	0	0
Azospirillum sp. B510	32	17	15	2	3	3	1	0	0	0	0	0	0	0	0	0	0	0	0
Azospirillum sp. TSA2s	0	0	0	1	1	0	0	0	0	0	0	0	0	0	0	0	0	0	0
Azospirillum sp. TSH100	0	0	0	0	1	0	0	0	0	0	0	0	0	0	0	0	0	0	0
Azospirillum sp. TSH58	0	0	0	2	1	1	1	0	0	0	0	0	0	0	0	0	0	0	0
Azospirillum thermophilum	12	7	5	14	14	4	1	0	0	0	0	0	0	0	0	0	0	0	0
Azotobacter chroococcum	1	0	1	0	0	2	5	0	0	0	0	0	0	0	0	0	0	0	0
Azotobacter salinestris	0	0	0	0	1	1	2	0	0	0	0	0	0	0	0	0	0	0	0
Bacillus subtilis	2	0	2	10	6	0	0	0	0	0	0	0	0	0	0	0	0	0	0
Bacillus thuringiensis	2	1	1	0	0	0	0	0	0	0	0	0	0	0	0	0	0	0	0
Bacteroides caccae	0	0	0	0	0	1	0	0	0	0	0	0	0	0	0	0	0	0	0
Bacteroides faecis	12	6	5	2	1	3	3	0	0	0	0	0	0	0	0	0	0	0	0
Bacteroides fragilis	1698	828	797	94	92	142	132	0	0	0	0	0	0	0	0	0	0	0	0
Bacteroides ovatus	10	6	4	0	0	0	2	0	0	0	0	0	0	0	0	0	0	0	0
Bacteroides salyersiae	1	0	1	1	1	0	0	0	0	0	0	0	0	0	0	0	0	0	0
Bacteroides sp. CACC 737	13	5	7	13	14	0	0	0	0	0	0	0	0	0	0	0	0	69	60
Bacteroides thetaiotaomicron	47	24	23	5	6	3	2	0	0	0	0	0	0	0	0	0	0	0	0
Bacteroides uniformis	27	14	12	6	3	1	1	0	0	0	0	0	0	0	0	0	0	0	0
Bacteroides xylanisolvens	3	1	2	0	0	0	0	0	0	0	0	0	0	0	0	0	0	0	0
Bacteroides zhangwenhongii	29	13	15	1	1	1	1	0	0	0	0	0	0	0	0	0	0	0	0
Bat coronavirus	0	0	0	0	1	0	0	1	0	0	0	0	0	0	0	0	0	0	0
Bat coronavirus BM48-31/BGR/2008	1	0	1	0	0	0	1	0	1	1	0	1	0	0	0	0	0	1	0
Bernardetia sp. Wsw4-3y2	0	0	0	6	7	0	0	0	0	0	0	0	0	0	0	0	0	0	0
Betacoronavirus pandemicum	5654	2691	2822	495	487	1363	1401	84	121	252	169	42	172	43	60	75	157	77	35
Bielevirus phiO18P	0	0	0	0	0	0	0	0	0	0	0	0	0	0	0	0	0	0	0
Bifidobacterium breve	0	0	0	0	0	1	1	0	0	0	0	0	0	0	0	0	0	0	0
Bifidobacterium longum	671	329	300	256	251	270	255	0	0	0	0	0	0	0	0	0	0	0	0
Bifidobacterium pullorum	0	0	0	0	0	0	0	0	0	0	0	0	0	0	0	0	0	0	0
Bilophila wadsworthia	28	14	14	4	2	4	4	0	0	0	0	0	0	0	0	0	0	0	0
Blastomonas fulva	3	1	2	302	310	0	0	0	0	0	0	0	0	0	0	0	0	0	0
Blastomonas sp. RAC04	0	0	0	150	139	0	0	0	0	0	0	0	0	0	0	0	0	0	0
Blautia hydrogenotrophica	2	1	1	0	0	0	0	0	0	0	0	0	0	0	0	0	0	0	0
Borreliella burgdorferi	0	0	0	0	0	1	1	0	0	0	0	0	0	0	0	0	0	0	0
Borreliella carolinensis	2	1	1	0	0	0	0	0	0	0	0	0	0	0	0	0	0	0	0
Borreliella garinii	1	5	0	2	0	7	0	0	0	0	0	0	0	0	0	0	0	0	0
Bosea sp. AS-1	0	0	0	1	1	0	0	0	0	0	0	0	0	0	0	0	0	0	0
Bosea sp. F3-2	0	0	0	3	3	2	2	0	0	0	0	0	0	0	0	0	0	0	0
Bosea sp. NBC_00550	2	1	1	0	0	0	0	0	0	0	0	0	0	0	0	0	0	0	0
Bradyrhizobium elkanii	0	0	0	8	2	0	0	0	0	0	0	0	0	0	0	0	0	0	0
Bradyrhizobium guangxiense	1	1	0	0	0	0	0	0	0	0	0	0	0	0	0	0	0	0	0
Bradyrhizobium japonicum	2	1	1	0	0	0	0	0	0	0	0	0	0	0	0	0	0	0	0
Bradyrhizobium sp. Ash2021	0	0	0	0	0	1	1	0	0	0	0	0	0	0	0	0	0	0	0
Bradyrhizobium sp. CB82	0	0	0	1	1	1	0	0	0	0	0	0	0	0	0	0	0	0	0
Bradyrhizobium sp. STM 3566	0	0	0	1	0	0	0	0	0	0	0	0	0	0	0	0	0	0	0
Bradyrhizobium sp. UASWS1016	0	0	0	1	1	0	0	0	0	0	0	0	0	0	0	0	0	0	0
Brevirhabdus pacifica	0	0	0	0	0	1	0	0	0	0	0	0	0	0	0	0	0	0	0
Brevundimonas sp. BH3	0	0	0	1	1	0	0	0	0	0	0	0	0	0	0	0	0	0	0
Brevundimonas sp. CEF1	1	1	0	2	1	0	0	0	0	0	0	0	0	0	0	0	0	0	0
Brevundimonas staleyi	2	1	1	0	0	0	0	0	0	0	0	0	0	0	0	0	0	0	0
Brevundimonas vesicularis	0	0	0	3	3	0	0	0	0	0	0	0	0	0	0	0	0	0	0
Brigitvirus brigit	0	0	0	0	0	0	0	0	0	0	0	0	0	0	0	0	0	0	0
Brussowvirus 20617	0	0	0	0	0	0	0	0	0	0	0	0	0	0	0	0	0	0	0
Bugaksanvirus R656	0	0	0	0	0	0	0	0	0	0	0	0	0	0	0	0	0	0	0
Burkholderia aenigmatica	0	0	0	2	2	0	0	0	0	0	0	0	0	0	0	0	0	0	0
Burkholderia anthina	0	0	0	0	0	1	0	0	0	0	0	0	0	0	0	0	0	0	0
Burkholderia arboris	3	1	1	1	2	1	2	0	0	0	0	0	0	0	0	0	0	0	0
Burkholderia cenocepacia	10	5	5	7	7	4	3	0	0	0	0	0	0	0	0	0	0	0	0
Burkholderia cepacia	4	2	2	14	11	10	12	0	0	0	0	0	0	0	0	0	0	0	0
Burkholderia gladioli	0	0	0	0	1	0	0	0	0	0	0	0	0	0	0	0	0	0	0
Burkholderia glumae	0	0	0	1	1	0	0	0	0	0	0	0	0	0	0	0	0	0	0
Burkholderia multivorans	21	12	10	10	8	8	8	0	0	0	0	0	0	0	0	0	0	0	0
Burkholderia savannae	3	2	1	9	12	0	0	0	0	0	0	0	0	0	0	0	0	0	0
Burkholderia semiarida	2	1	1	2	1	0	0	0	0	0	0	0	0	0	0	0	0	0	0
Burkholderia sp. FERM BP-3421	2	1	1	0	0	0	0	0	0	0	0	0	0	0	0	0	0	0	0
Burkholderia sp. IDO3	1	1	0	0	1	12	12	0	0	0	0	0	0	0	0	0	0	0	0
Burkholderia sp. LAS2	2	1	1	1	0	0	0	0	0	0	0	0	0	0	0	0	0	0	0
Burkholderia sp. LMG 21824	2	1	1	0	0	0	0	0	0	0	0	0	0	0	0	0	0	0	0
Burkholderia sp. M701	0	0	0	2	0	0	0	0	0	0	0	0	0	0	0	0	0	0	0
Burkholderia sp. MBR-1	0	0	0	0	1	0	0	0	0	0	0	0	0	0	0	0	0	0	0
Burkholderia sp. PAMC 26561	1	1	0	0	0	0	0	0	0	0	0	0	0	0	0	0	0	0	0
Burkholderia sp. THE68	1	0	1	0	0	0	0	0	0	0	0	0	0	0	0	0	0	0	0
Burkholderia stagnalis	10	5	6	5	4	3	4	0	0	0	0	0	0	0	0	0	0	0	0
Burkholderia thailandensis	0	0	0	0	0	0	0	0	0	0	0	0	0	0	0	0	0	0	0
Burkholderia ubonensis	0	0	0	0	0	1	1	0	0	0	0	0	0	0	0	0	0	0	0
Burkholderia vietnamiensis	264	132	123	99	86	104	104	1	1	0	0	0	0	0	0	0	0	0	0
Burzaovirus intestinihominis	0	0	0	0	0	0	0	0	0	0	0	0	0	0	0	0	0	0	0
Buttiauxella sp. WJP83	0	0	0	1	1	0	0	0	0	0	0	0	0	0	0	0	0	0	0
Butyricimonas faecalis	2	1	1	2	2	0	0	0	0	0	0	0	0	0	0	0	0	0	0
Butyrivibrio proteoclasticus	0	0	0	0	0	0	0	0	0	0	0	0	0	0	0	0	0	0	0
Caballeronia cordobensis	3	2	2	3	3	1	1	0	0	0	0	0	0	0	0	0	0	0	0
Caballeronia grimmiae	77	37	37	2	2	0	1	0	0	0	0	0	0	0	0	0	0	0	0
Caballeronia insecticola	0	0	0	0	0	1	1	0	0	0	0	0	0	0	0	0	0	0	0
Caballeronia sp. DA-9	0	0	0	1	1	0	0	0	0	0	0	0	0	0	0	0	0	0	0
Caballeronia sp. M1242	8	5	3	8	8	0	0	0	0	0	0	0	0	0	0	0	0	0	0
Caballeronia sp. NK8	7	2	3	2	3	0	0	0	0	0	0	0	0	0	0	0	0	0	0
Caballeronia sp. S22	1	0	1	7	7	4	4	0	0	0	0	0	0	0	0	0	0	0	0
Caballeronia sp. Sq4a	6	4	3	0	0	0	0	0	0	0	0	0	0	0	0	0	0	0	0
Caballeronia zhejiangensis	0	0	0	2	1	0	0	0	0	0	0	0	0	0	0	0	0	0	0
Caenibius sp. WL	0	0	0	1	0	0	0	0	0	0	0	0	0	0	0	0	0	0	0
Campylobacter coli	522	266	245	117	120	32	36	0	0	0	0	0	0	0	0	0	0	0	0
Campylobacter jejuni	20	10	10	3	2	0	0	1	1	0	0	0	0	0	0	0	0	0	0
Candidatus Accumulibacter phosphatis	8	3	5	5	5	4	3	0	0	0	0	0	0	0	0	0	0	0	0
Candidatus Fukatsuia symbiotica	3	2	1	0	0	1	1	0	0	0	0	0	0	0	0	0	0	0	0
Candidatus Methylocalor cossyra	0	0	0	0	0	0	2	0	0	0	0	0	0	0	0	0	0	0	0
Candidatus Pantoea soli	0	0	0	0	0	1	1	0	0	0	0	0	0	0	0	0	0	0	0
Candidatus Thiodictyon syntrophicum	1	1	0	0	0	0	0	0	0	0	0	0	0	0	0	0	0	0	0
Capnocytophaga granulosa	2	0	2	0	1	0	0	0	0	0	0	0	0	0	0	0	0	0	0
Carjivirus communis	4	2	1	20	17	2	2	0	0	0	0	0	0	0	0	0	0	0	0
Carjivirus hominis	0	0	0	0	0	0	0	0	0	0	0	0	0	0	0	0	0	0	0
Carnobacterium maltaromaticum	2	1	1	1	0	1	1	0	0	0	0	0	0	0	0	0	0	0	0
Caulobacter rhizosphaerae	0	0	0	0	1	0	0	0	0	0	0	0	0	0	0	0	0	0	0
Caulobacter soli	0	0	0	1	0	0	1	0	0	0	0	0	0	0	0	0	0	0	0
Caulobacter sp. NIBR2454	0	0	0	0	0	1	1	0	0	0	0	0	0	0	0	0	0	0	0
Celeribacter indicus	0	0	0	1	0	0	0	0	0	0	0	0	0	0	0	0	0	0	0
Cellulomonas sp. WB94	0	0	0	1	1	0	0	0	0	0	0	0	0	0	0	0	0	0	0
Cellvibrio sp. QJXJ	1	0	1	0	0	17	21	0	0	0	0	0	0	0	0	0	0	0	0
Cereibacter azotoformans	3	2	1	6	8	3	2	0	0	0	0	0	0	0	0	0	0	0	0
Cereibacter sphaeroides	0	0	0	0	1	0	0	0	0	0	0	0	0	0	0	0	0	0	0
Cetobacterium somerae	2	1	1	6	15	7	8	0	0	0	0	0	0	1	1	0	0	10	1
Cetobacterium sp. SF1	0	0	0	2	1	3	3	0	0	0	0	0	0	0	0	0	0	0	10
Chelativorans sp. AA-79	1	0	1	0	0	0	0	0	0	0	0	0	0	0	0	0	0	0	0
Chelatococcus sp. CO-6	0	0	0	0	0	1	0	0	0	0	0	0	0	0	0	0	0	0	0
Chimaeribacter arupi	0	0	0	24	21	2	1	0	0	0	0	0	0	0	0	0	0	0	0
Chitinibacter bivalviorum	17	8	8	4	4	8	6	0	0	0	0	0	0	0	0	0	0	0	0
Chromobacterium amazonense	709	370	327	275	251	258	220	15	4	1	0	0	0	0	0	0	0	0	0
Chromobacterium violaceum	1	0	0	0	0	0	0	0	0	0	0	0	0	0	0	0	0	0	0
Chryseobacterium fluminis	7	3	3	141	146	31	23	1	0	0	0	0	0	0	0	0	0	0	0
Chryseobacterium oryzae	4	2	2	8	7	1	2	0	0	0	0	0	0	0	0	0	0	0	0
Chryseobacterium panacisoli	7	4	3	12	13	1	1	0	0	0	0	0	0	0	0	0	0	0	0
Chryseobacterium sp. ERMR1:04	3	1	2	17	15	3	5	0	0	0	0	0	0	0	0	0	0	0	0
Chryseobacterium sp. IHB B 17019	0	0	0	0	1	0	0	0	0	0	0	0	0	0	0	0	0	0	0
Ciceribacter thiooxidans	4	2	2	0	0	0	0	0	0	0	0	0	0	0	0	0	0	0	0
Cimandefvirus cimandef	0	0	0	0	0	0	0	0	0	0	0	0	0	0	0	0	0	0	0
Cinvestavvirus PaMx74	0	0	0	0	0	0	0	0	0	0	0	0	0	0	0	0	0	0	0
Citrobacter braakii	103	52	46	3	3	2	2	0	0	0	0	0	0	0	0	0	0	0	0
Citrobacter freundii	1295	634	620	1629	1566	454	416	0	0	0	0	0	0	0	0	0	0	0	1
Citrobacter portucalensis	9	5	3	2	5	1	2	0	0	0	0	0	0	0	0	0	0	0	0
Citrobacter sp. C1	1477	742	680	2	1	2	1	0	0	0	0	0	0	0	0	0	0	0	0
Citrobacter sp. C13	0	0	0	1	1	0	0	0	0	0	0	0	0	0	0	0	0	0	0
Citrobacter sp. CF971	0	0	0	0	0	1	0	0	0	0	0	0	0	0	0	0	0	0	0
Citrobacter sp. CRE-46	2	1	1	0	1	0	0	0	0	0	0	0	0	0	0	0	0	0	0
Citrobacter sp. MGH105	1	1	0	0	0	0	0	0	0	0	0	0	0	0	0	0	0	0	0
Citrobacter sp. RHBSTW-00325	31	12	14	1	1	6	5	0	0	0	0	0	0	0	0	0	0	0	0
Citrobacter sp. RHBSTW-00509	0	0	0	0	0	1	1	0	0	0	0	0	0	0	0	0	0	0	0
Citrobacter sp. RHBSTW-00524	0	0	0	0	0	1	1	0	0	0	0	0	0	0	0	0	0	0	0
Citrobacter sp. RHBSTW-00821	0	0	0	4	4	0	0	0	0	0	0	0	0	0	0	0	0	0	0
Citrobacter sp. RHBSTW-00848	0	0	0	0	0	0	1	0	0	0	0	0	0	0	0	0	0	0	0
Citrobacter sp. RHBSTW-00986	0	0	0	0	0	0	1	0	0	0	0	0	0	0	0	0	0	0	0
Citrobacter sp. TSA-1	14	7	7	1	1	107	103	0	0	0	0	0	0	0	0	0	0	0	0
Clostridioides difficile	21	11	10	4	6	31	34	0	0	0	0	0	0	0	0	0	0	0	0
Clostridium estertheticum	0	1	0	0	0	1	1	0	0	0	0	0	0	1	0	0	0	0	0
Clostridium perfringens	148	78	71	1	2	1	1	0	0	0	0	0	0	0	0	0	0	0	0
Comamonas antarctica	31	17	13	109	97	9	7	0	0	0	0	0	0	0	0	0	0	0	0
Comamonas aquatica	0	0	0	3	1	9	11	0	0	0	0	0	0	0	0	0	0	0	0
Comamonas endophytica	28	11	13	20	20	6	7	0	0	0	0	0	0	0	0	0	0	0	0
Comamonas fluminis	7	3	4	7	7	5	6	0	0	0	0	0	0	0	0	0	0	0	0
Comamonas odontotermitis	93	45	47	566	529	546	527	20	19	4	0	0	0	1	0	0	0	2	1
Comamonas resistens	6	3	3	36	35	10	10	0	0	0	0	0	0	0	0	0	0	0	0
Comamonas sp. 7D-2	215	112	97	6	5	1	0	0	0	0	0	0	0	0	0	0	0	0	0
Comamonas sp. C11	89	43	42	90	88	18	18	0	0	0	0	0	0	0	0	0	0	0	0
Comamonas testosteroni	97	49	47	180	177	89	90	0	0	0	0	0	0	0	0	0	0	0	0
Comamonas thiooxydans	18	10	8	41	37	11	11	0	0	0	0	0	0	0	0	0	0	0	0
Commandariavirus commandaria	0	0	0	0	0	0	0	0	0	0	0	0	0	0	0	0	0	0	0
Corynebacterium diphtheriae	0	0	0	0	0	0	0	0	0	0	0	0	0	0	0	0	0	0	0
Croceicoccus marinus	1	1	0	0	1	2	2	0	0	0	0	0	0	0	0	0	0	0	0
Cronobacter dublinensis	0	0	0	0	0	0	0	0	0	0	0	0	0	0	0	0	0	0	0
Cronobacter phage CR5	2	1	1	0	0	2	2	0	0	0	0	0	0	0	0	0	0	0	0
Cronobacter sakazakii	0	0	0	2	1	0	0	0	0	0	0	0	0	0	0	0	0	0	0
Cronusvirus cronus	0	0	0	1	1	0	0	0	0	0	0	0	0	0	0	0	0	0	0
Cupriavidus basilensis	0	0	0	3	2	1	2	0	0	0	0	0	0	0	0	0	0	0	0
Cupriavidus campinensis	31	15	16	10	11	6	5	0	0	0	0	0	0	0	0	0	0	0	0
Cupriavidus metallidurans	53	27	21	27	29	40	37	0	0	0	0	0	0	0	0	0	0	0	0
Cupriavidus necator	13	7	5	4	2	19	18	0	0	0	0	0	0	0	0	0	0	0	0
Cupriavidus neocaledonicus	2	0	0	15	16	4	4	0	0	0	0	0	0	0	0	0	0	0	0
Cupriavidus oxalaticus	5	3	2	7	2	3	5	0	0	0	0	0	0	0	0	0	0	0	0
Cupriavidus pauculus	6	3	3	6	6	3	2	0	0	0	0	0	0	0	0	0	0	0	0
Cupriavidus sp. Agwp_2	5	3	2	4	4	5	4	0	0	0	0	0	0	0	0	0	0	0	0
Cupriavidus sp. BIC8F	2	1	1	0	0	0	0	0	0	0	0	0	0	0	0	0	0	0	0
Cupriavidus sp. DF5525	16	7	5	990	874	222	190	0	0	0	0	0	0	0	0	0	0	0	0
Cupriavidus sp. EM10	1502	781	676	334	279	237	206	0	0	0	0	0	0	0	0	0	0	0	0
Cupriavidus sp. H19C3	0	0	0	1	0	0	0	0	0	0	0	0	0	0	0	0	0	0	0
Cupriavidus sp. H39	0	0	0	1	1	0	0	0	0	0	0	0	0	0	0	0	0	0	0
Cupriavidus sp. KK10	0	0	0	1	1	0	0	0	0	0	0	0	0	0	0	0	0	0	0
Cupriavidus sp. P-10	0	0	0	1	0	0	1	0	0	0	0	0	0	0	0	0	0	0	0
Cupriavidus sp. TMH.W2	2	1	1	0	0	0	0	0	0	0	0	0	0	0	0	0	0	0	0
Cupriavidus sp. U2	1	0	1	0	0	0	0	0	0	0	0	0	0	0	0	0	0	0	0
Cupriavidus sp. USMAA2-4	0	0	0	0	0	1	1	0	0	0	0	0	0	0	0	0	0	0	0
Cupriavidus sp. USMAHM13	0	0	0	0	0	1	0	0	0	0	0	0	0	0	0	0	0	0	0
Cupriavidus sp. a3	2	1	1	1	1	0	1	0	0	0	0	0	0	0	0	0	0	0	0
Cupriavidus taiwanensis	138	74	64	77	62	74	72	27	31	0	0	0	0	0	0	0	0	0	0
Cupriavidus yeoncheonensis	1	0	1	8	10	1	0	0	0	0	0	0	0	0	0	0	0	0	0
Curvibacter sp. AEP1-3	0	0	0	0	0	1	1	0	0	0	0	0	0	0	0	0	0	0	0
Dechloromonas sp. ARDL1	389	187	189	647	613	812	743	0	0	0	0	0	0	0	0	0	0	0	0
Deinococcus altitudinis	2	1	1	0	0	0	0	0	0	0	0	0	0	0	0	0	0	0	0
Deinococcus aquaticus	0	0	0	1	1	0	0	0	0	0	0	0	0	0	0	0	0	0	0
Deinococcus deserti	0	0	0	0	0	0	0	0	0	0	0	0	0	0	0	0	0	0	0
Deinococcus geothermalis	0	0	0	0	0	0	0	0	0	0	0	0	0	0	0	0	0	0	0
Deinococcus gobiensis	0	0	0	0	0	0	0	0	0	0	0	0	0	0	0	0	0	0	0
Deinococcus peraridilitoris	0	0	0	0	0	0	0	0	0	0	0	0	0	0	0	0	0	0	0
Deinococcus psychrotolerans	0	0	0	1	1	1	1	0	0	0	0	0	0	0	0	0	0	0	0
Deinococcus radiodurans	0	0	0	0	0	2	1	0	0	0	0	0	0	0	0	0	0	0	0
Deinococcus radiophilus	0	0	0	0	0	4	2	0	0	0	0	0	0	0	0	0	0	0	0
Deinococcus sonorensis	0	0	0	0	0	0	0	0	0	0	0	0	0	0	0	0	0	0	0
Deinococcus sp. KNUC1210	0	0	0	0	0	0	1	0	0	0	0	0	0	0	0	0	0	0	0
Deinococcus sp. NW-56	8	4	4	3	1	1	1	0	0	0	0	0	0	0	0	0	0	0	0
Deinococcus sp. VB343	0	0	0	1	1	0	0	0	0	0	0	0	0	0	0	0	0	0	0
Deinococcus wulumuqiensis	2	1	1	0	1	0	0	0	0	0	0	0	0	0	0	0	0	0	0
Deinococcus yunweiensis	4	2	2	2	2	1	1	0	0	0	0	0	0	0	0	0	0	0	0
Delftia acidovorans	142	73	65	55	48	143	137	0	0	0	0	0	0	0	0	0	0	0	0
Delftia lacustris	107	50	50	7	8	10	11	0	0	0	0	0	0	0	0	0	0	0	0
Delftia sp. KV29	41	19	18	824	818	97	91	0	0	0	0	0	0	0	0	0	0	0	0
Denitratisoma oestradiolicum	0	0	0	0	0	3	3	0	0	0	0	0	0	0	0	0	0	0	0
Diaphorobacter sp. HDW4A	270	132	130	109	109	110	107	0	0	0	0	0	0	0	0	0	0	0	0
Diaphorobacter sp. HDW4B	16	7	8	516	445	1	0	0	0	0	0	0	0	0	0	0	0	0	0
Diaphorobacter sp. JS3051	20	10	10	24	22	13	9	0	0	0	0	0	0	0	0	0	0	0	0
Diaphorobacter sp. MNS-0	71	32	38	111	99	31	27	0	0	0	0	0	0	0	0	0	0	0	0
Duffyella gerundensis	1	0	0	1	1	0	0	0	0	0	0	0	0	0	0	0	0	0	0
Dunedinvirus JS26	0	0	0	0	0	0	0	0	0	0	0	0	0	0	0	0	0	0	0
Dyella sp. 20L07	3	1	2	4	4	5	3	0	1	0	0	0	0	0	0	0	0	0	0
Ectopseudomonas hydrolytica	0	0	0	0	0	1	0	0	0	0	0	0	0	0	0	0	0	0	0
Ectopseudomonas mendocina	0	0	0	0	0	1	1	0	0	0	0	0	0	0	0	0	0	0	0
Ectothiorhodospira shaposhnikovii	5	2	3	2	1	0	0	0	0	0	0	0	0	0	0	0	0	0	0
Edwardsiella ictaluri	19	9	9	2	2	1	1	0	0	0	0	0	0	0	0	0	0	0	0
Edwardsiella tarda	0	0	0	1	2	0	0	0	0	0	0	0	0	0	0	0	0	0	0
Eganvirus BIS20	0	0	0	0	0	0	0	0	0	0	0	0	0	0	0	0	0	0	0
Eganvirus EtG	0	0	0	0	0	0	0	0	0	0	0	0	0	0	0	0	0	0	0
Eleftheria terrae	68	35	32	12	11	29	24	0	0	0	0	0	0	0	0	0	0	0	0
Elizabethkingia anophelis	0	0	0	1	1	0	0	0	0	0	0	0	0	0	0	0	0	0	0
Elizabethkingia miricola	2	1	1	7	8	3	3	0	0	0	0	0	0	0	0	0	0	0	0
Elveevirus 4LV2017	0	0	0	0	0	0	0	0	0	0	0	0	0	0	0	0	0	0	0
Embleya sp. NBC_00888	0	0	0	4	4	0	0	0	0	0	0	0	0	0	0	0	0	0	0
Empedobacter brevis	2	1	1	0	0	0	0	0	0	0	0	0	0	0	0	0	0	0	0
Empedobacter falsenii	0	0	0	0	0	1	1	0	0	0	0	0	0	0	0	0	0	0	0
Empedobacter stercoris	0	0	0	3	2	0	0	0	0	0	0	0	0	0	0	0	0	0	0
Endozoicomonas sp. Mp262	0	0	0	0	0	0	1	0	0	0	0	0	0	0	0	0	0	0	0
Ensifer adhaerens	6	4	2	4	4	1	2	0	0	0	0	0	0	0	0	0	0	0	0
Ensifer aridi	0	0	0	0	1	1	1	0	0	0	0	0	0	0	0	0	0	0	0
Ensifer canadensis	1	0	1	4	3	3	3	0	0	0	0	0	0	0	0	0	0	0	0
Ensifer sp. PDNC004	41	25	16	3	6	6	7	0	0	0	0	0	0	0	0	0	0	0	0
Enterobacter asburiae	278	139	136	46	46	316	296	0	0	0	0	0	0	0	0	0	0	0	0
Enterobacter bugandensis	0	0	0	1	0	0	1	0	0	0	0	0	0	0	0	0	0	0	0
Enterobacter cloacae	66	34	31	940	897	350	339	0	0	0	0	0	0	0	0	0	0	0	0
Enterobacter cloacae complex sp. ECL404	2	1	1	92	87	0	0	0	0	0	0	0	0	0	0	0	0	0	0
Enterobacter hormaechei	221	108	105	180	168	162	149	0	0	0	0	0	0	0	0	0	0	0	0
Enterobacter huaxiensis	0	0	0	0	0	0	1	0	0	0	0	0	0	0	0	0	0	0	0
Enterobacter kobei	36	18	16	577	532	76	84	0	0	0	0	0	0	0	0	0	0	0	0
Enterobacter ludwigii	0	0	0	1	1	0	0	0	0	0	0	0	0	0	0	0	0	0	0
Enterobacter mori	2	1	1	3	3	4	3	0	0	0	0	0	0	0	0	0	0	0	0
Enterobacter roggenkampii	90	47	40	59	48	17	15	0	0	0	0	0	0	0	0	0	0	0	0
Enterobacter sp. JBIWA003	2	1	1	0	0	0	0	0	0	0	0	0	0	0	0	0	0	0	0
Enterobacteria phage HK225	1	1	0	1	0	0	0	0	0	0	0	0	0	0	0	0	0	0	0
Enterococcus faecalis	112	52	53	2	5	4	5	0	0	0	0	0	0	0	0	0	0	0	0
Enterococcus faecium	17	9	6	4	4	6	7	0	0	0	0	0	0	0	0	0	0	0	0
Enterococcus gallinarum	4	2	2	0	1	1	2	0	0	0	0	0	0	0	0	0	0	0	0
Enterococcus lactis	6	2	3	20	20	6	4	0	0	0	0	0	0	0	0	0	0	0	0
Enterococcus raffinosus	0	0	0	1	1	7	6	0	0	0	0	0	0	0	0	0	0	0	0
Eponavirus epona	0	0	0	0	0	0	0	0	0	0	0	0	0	0	0	0	0	0	0
Erwinia amylovora	0	0	0	1	2	0	1	0	0	0	0	0	0	0	0	0	0	0	0
Erwinia phage vB_EamM_Caitlin	0	0	0	2	1	0	0	0	0	0	0	0	0	0	0	0	0	0	0
Erwinia phage vB_EamM_ChrisDB	2	1	1	0	0	0	0	0	0	0	0	0	0	0	0	0	0	0	0
Erwinia sp. E602	2	1	1	0	0	1	0	0	0	0	0	0	0	0	0	0	0	0	0
Erwinia sp. INIA01	0	0	0	1	1	0	0	0	0	0	0	0	0	0	0	0	0	0	0
Erythrobacter aureus	0	0	0	0	1	0	0	0	0	0	0	0	0	0	0	0	0	0	0
Escherichia coli	4644	2320	2194	1233	1157	2152	2087	29	28	0	0	0	0	2	0	0	0	0	0
Escherichia fergusonii	29	17	10	40	42	0	1	0	0	0	0	0	0	0	0	0	0	0	0
Escherichia phage HK639	3	1	2	7	8	0	0	0	0	0	0	0	0	0	0	0	0	0	0
Ewingella americana	4	2	2	0	1	0	0	0	0	0	0	0	0	0	0	0	0	0	0
Exiguobacterium sp. N4-1P	0	0	0	2	2	0	0	0	1	0	0	0	0	0	0	0	0	0	0
Falsirhodobacter algicola	0	0	0	1	0	0	0	0	0	0	0	0	0	0	0	0	0	0	0
Faucicola atlantae	42	19	23	13	17	2	2	4	4	0	0	0	0	0	0	0	0	0	0
Faucicola osloensis	1636	808	777	419	410	54	51	0	0	0	0	0	0	0	0	0	0	0	0
Ferozepurvirus PS1	0	0	0	0	0	0	0	0	0	0	0	0	0	0	0	0	0	0	0
Finegoldia magna	1	0	1	0	0	0	0	0	0	0	0	0	0	0	0	0	0	0	0
Firavirus YenM4218	0	0	0	0	0	0	0	0	0	0	0	0	0	0	0	0	0	0	0
Flammeovirga kamogawensis	1	1	0	1	1	3	2	0	0	0	0	0	0	1	0	0	0	0	0
Flavobacterium covae	22	11	10	60	54	19	17	1	3	1	1	0	0	0	0	0	0	0	0
Flavobacterium limnophilum	8	4	4	36	31	19	15	6	4	0	0	0	0	0	0	0	0	4	5
Flavobacterium psychrophilum	1	1	0	0	0	0	0	0	0	0	0	0	0	0	0	0	0	0	0
Flavobacterium sp. N1861	0	0	0	1	1	0	0	0	0	0	0	0	0	0	0	0	0	0	0
Flavonifractor plautii	2	1	2	0	0	0	0	0	0	0	0	0	0	0	0	0	0	0	0
Fremauxvirus CHPC971	0	0	0	0	0	0	0	0	0	0	0	0	0	0	0	0	0	0	0
Frigidibacter mobilis	1	0	1	0	0	0	0	0	0	0	0	0	0	0	0	0	0	0	0
Frondihabitans sucicola	0	0	0	0	0	1	0	0	0	0	0	0	0	0	0	0	0	0	0
Fulvitalea axinellae	0	0	0	1	1	4	2	0	0	0	0	0	0	0	0	0	0	0	0
Fuscovulum ytuae	0	0	0	1	1	1	0	0	0	0	0	0	0	0	0	0	0	0	0
Fusobacterium vincentii	16	7	9	10	8	4	4	0	0	0	0	0	0	0	0	0	0	0	4
Gemmatirosa kalamazoonensis	0	0	0	0	1	0	0	0	0	0	0	0	0	0	0	0	0	0	0
Gemmobacter fulvus	103	52	43	7	5	53	52	0	0	0	0	0	0	0	0	0	0	0	0
Geobacillus subterraneus	1	1	0	0	0	0	0	0	0	0	0	0	0	0	0	0	0	0	15
Glaesserella parasuis	0	0	0	1	1	2	3	0	0	0	0	0	0	0	0	0	0	0	0
Granulicella tundricola	0	0	0	0	0	0	0	0	0	0	0	0	0	0	0	0	0	0	0
Gustavvirus mahdia	0	0	0	0	0	0	0	0	0	0	0	0	0	0	0	0	0	0	0
Haematobacter massiliensis	1	1	0	1	1	2	1	0	0	0	0	0	0	0	0	0	0	0	0
Haematospirillum jordaniae	4	2	2	1	0	0	1	0	0	0	0	0	0	0	0	0	0	0	0
Haladaptatus sp. SPP-AMP-3	2	1	1	0	0	0	0	0	0	0	0	0	0	0	0	0	0	0	0
Halanaeroarchaeum sulfurireducens	0	0	0	1	1	0	0	0	0	0	0	0	0	0	0	0	0	0	0
Halarchaeum sp. CBA1220	0	0	0	0	0	1	1	0	0	0	0	0	0	0	0	0	0	0	0
Haloarcula marismortui	0	0	0	1	1	1	0	0	0	0	0	0	0	0	0	0	0	0	0
Haloarcula salina	19	7	12	0	0	0	0	0	0	0	0	0	0	0	0	0	0	0	0
Halobacterium litoreum	0	0	0	0	0	1	1	0	0	0	0	0	0	0	0	0	0	0	0
Halobaculum lipolyticum	0	0	0	1	1	3	3	0	0	0	0	0	0	0	0	0	0	0	0
Halobaculum roseum	1	1	0	0	0	0	0	0	0	0	0	0	0	0	0	0	0	0	0
Halocatena marina	0	0	0	0	1	0	0	0	0	0	0	0	0	0	0	0	0	0	0
Halococcoides cellulosivorans	0	0	0	0	0	1	1	0	0	0	0	0	0	0	0	0	0	0	0
Halogeometricum borinquense	0	0	0	1	1	0	0	0	0	0	0	0	0	0	0	0	0	0	0
Haloglomus salinum	0	0	0	1	1	2	2	0	0	0	0	0	0	0	0	0	0	0	0
Halomarina halobia	0	0	0	2	3	0	0	0	0	0	0	0	0	0	0	0	0	0	0
Halomicrobium urmianum	2	1	1	0	0	0	0	0	0	0	0	0	0	0	0	0	0	0	0
Halomicrococcus gelatinilyticus	2	1	1	1	2	0	0	0	0	0	0	0	0	0	0	0	0	0	0
Halomonas casei	2	1	1	3	1	0	0	0	0	0	0	0	0	0	0	0	0	0	0
Halomonas sp. A3H3	0	0	0	1	1	0	0	0	0	0	0	0	0	0	0	0	0	0	0
Halomonas sp. PA16-9	2	1	1	3	2	3	3	0	0	0	0	0	0	0	0	0	0	0	0
Halomontanus rarus	27	13	14	1	0	0	0	0	0	0	0	0	0	0	0	0	0	0	0
Haloplanus aerogenes	0	0	0	1	0	0	0	0	0	0	0	0	0	0	0	0	0	0	0
Haloplanus pelagicus	0	0	0	1	1	0	0	0	0	0	0	0	0	0	0	0	0	0	0
Halorarum halophilum	0	0	0	1	1	0	0	0	0	0	0	0	0	0	0	0	0	0	0
Halorarum salinum	0	0	0	0	0	1	0	0	0	0	0	0	0	0	0	0	0	0	0
Halorubrum ezzemoulense	0	0	0	1	1	0	0	0	0	0	0	0	0	0	0	0	0	0	0
Halosimplex aquaticum	3	2	1	0	0	0	0	0	0	0	0	0	0	0	0	0	0	0	0
Halosimplex rarum	0	0	0	0	1	0	0	0	0	0	0	0	0	0	0	0	0	0	0
Halovivax cerinus	0	1	0	0	0	0	0	0	0	0	0	0	0	0	0	0	0	0	0
Halovivax ruber	0	0	0	0	0	0	0	0	0	0	0	0	0	0	0	0	0	0	0
Hartmannibacter diazotrophicus	0	0	0	0	0	3	3	0	0	0	0	0	0	0	0	0	0	0	0
Homo sapiens	3584	190	465	229	396	194	368	1	3	5	5	0	2	0	4	0	2	1	10
Huelvavirus ort11	0	0	0	0	0	0	0	0	0	0	0	0	0	0	0	0	0	0	0
Human feces pecovirus	119	61	57	0	0	0	0	0	0	0	0	0	0	0	0	0	0	0	0
Hydrogenophaga sp. ANAO-22	0	0	0	4	3	1	1	0	0	0	0	0	0	0	0	0	0	0	0
Hydrogenophaga sp. BPS33	2	1	1	0	3	23	18	0	0	0	0	0	0	0	0	0	0	0	0
Hydrogenophaga sp. PBL-H3	5	3	2	39	39	1	2	0	0	0	0	0	0	0	0	0	0	0	0
Hymenobacter canadensis	1	1	0	1	1	0	0	0	0	0	0	0	0	0	0	0	0	0	0
Hymenobacter monticola	0	0	0	0	0	3	2	0	0	0	0	0	0	0	0	0	0	0	0
Hymenobacter sp. 5317J-9	0	0	0	1	1	0	0	0	0	0	0	0	0	0	0	0	0	0	0
Hymenobacter swuensis	0	0	0	0	0	0	0	0	0	0	0	0	0	0	0	0	0	0	0
Ideonella dechloratans	22	9	10	14	17	67	56	0	1	0	0	0	0	0	0	0	0	0	0
Ilyobacter polytropus	0	0	0	0	0	0	0	0	0	0	0	0	0	0	0	0	0	0	0
Imbroritus primus	2	1	1	1	0	0	0	0	0	0	0	0	0	0	0	0	0	0	0
Immutovirus immuto	0	0	0	0	0	0	0	0	0	0	0	0	0	0	0	0	0	0	0
Indioceanicola profundi	0	0	0	1	2	1	1	0	0	0	0	0	0	0	0	0	0	0	0
Ittyvirus itty13	0	0	0	0	0	0	0	0	0	0	0	0	0	0	0	0	0	0	0
Jannaschia sp. M317	2	1	1	1	1	0	0	0	0	0	0	0	0	0	0	0	0	0	0
Janthinobacterium lividum	0	0	0	0	0	1	1	0	0	0	0	0	0	0	0	0	0	0	0
Janthinobacterium sp. J1-1	1	1	0	1	0	0	0	0	0	0	0	0	0	0	0	0	0	0	0
Jiella pelagia	0	0	0	1	0	0	0	0	0	0	0	0	0	0	0	0	0	0	0
Junduvirus copri	0	0	0	0	0	0	0	0	0	0	0	0	0	0	0	0	0	0	0
Kahnovirus oralis	0	0	0	0	0	0	0	0	0	0	0	0	0	0	0	0	0	0	0
Kaypoctavirus KP8	0	0	0	0	0	0	0	0	0	0	0	0	0	0	0	0	0	0	0
Ketogulonicigenium robustum	1	1	0	0	0	1	1	0	0	0	0	0	0	0	0	0	0	0	0
Kilunavirus KL1	0	0	0	0	0	0	0	0	0	0	0	0	0	0	0	0	0	0	0
Kingevirus communis	0	0	0	0	0	0	0	0	0	0	0	0	0	0	0	0	0	0	0
Kipunavirus KP1	0	0	0	0	0	0	0	0	0	0	0	0	0	0	0	0	0	0	0
Klebsiella aerogenes	8	4	4	6	4	2	0	0	0	0	0	0	0	0	0	0	0	0	0
Klebsiella electrica	0	0	0	0	0	1	1	0	0	0	0	0	0	0	0	0	0	0	0
Klebsiella grimontii	0	0	0	1	1	1	1	0	0	0	0	0	0	0	0	0	0	0	0
Klebsiella michiganensis	10	6	4	37	31	9	8	0	0	0	0	0	0	0	0	0	0	0	0
Klebsiella oxytoca	19	7	10	16	13	10	12	0	0	0	0	0	0	0	0	0	0	0	0
Klebsiella phage VLCpiS13e	1	1	0	0	0	0	0	0	0	0	0	0	0	0	0	0	0	0	0
Klebsiella pneumoniae	3153	1559	1511	959	919	1627	1508	0	0	140	130	0	0	272	256	2	5	7	5
Klebsiella quasipneumoniae	15	7	7	66	62	12	13	0	0	0	0	0	0	0	0	0	0	0	0
Klebsiella sp. BDA134-6	2	1	1	1	1	0	0	0	0	0	0	0	0	0	0	0	0	0	0
Klebsiella sp. RHBSTW-00215	0	0	0	0	0	1	1	0	0	0	0	0	0	0	0	0	0	0	0
Klebsiella sp. WOUb02	47	24	22	43	42	15	19	0	0	0	0	0	0	0	0	0	0	0	0
Klebsiella sp. WP4-W18-ESBL-05	3	2	1	0	0	2	1	0	0	0	0	0	0	0	0	0	0	0	0
Klebsiella variicola	40	18	20	30	27	99	101	0	0	0	0	0	0	0	0	0	0	0	0
Kluyvera intermedia	1	0	1	0	0	18	17	0	0	0	0	0	0	0	0	0	0	0	0
Kocuria flava	4	2	2	0	0	0	0	0	0	0	0	0	0	0	0	0	0	0	0
Komagataeibacter rhaeticus	0	0	0	1	1	1	1	0	0	0	0	0	0	0	0	0	0	0	0
Komagataeibacter saccharivorans	0	0	1	2	2	0	0	0	0	0	0	0	0	0	0	0	0	0	0
Kosakonia cowanii	0	0	0	0	0	0	0	0	0	0	0	0	0	0	0	0	0	0	0
Kozakia baliensis	1	1	1	0	0	0	0	0	0	0	0	0	0	0	0	0	0	0	0
Krampusvirus krampus	0	0	0	0	0	0	0	0	0	0	0	0	0	0	0	0	0	0	0
Kunmingvirus kv2D05	0	0	0	0	0	0	0	0	0	0	0	0	0	0	0	0	0	0	0
Kunmingvirus kv4D05	0	0	0	0	0	0	0	0	0	0	0	0	0	0	0	0	0	0	0
Lachnospira eligens	14	8	6	16	16	5	5	0	0	0	0	0	0	0	0	0	0	0	0
Lactiplantibacillus plantarum	2	1	1	3	4	0	0	0	0	0	0	0	0	0	0	0	0	0	0
Lactobacillus crispatus	149	74	74	76	70	1	1	0	0	0	0	0	0	0	0	0	0	0	0
Lactobacillus sp. PC121B	0	0	0	0	0	1	1	0	0	0	0	0	0	0	0	0	0	0	0
Lactococcus cremoris	0	0	0	1	0	0	0	0	0	0	0	0	0	0	0	0	0	0	0
Lactococcus garvieae	1	0	1	2	2	0	0	0	0	0	0	0	0	0	0	0	0	0	0
Lactococcus lactis	3	2	1	2	2	1	1	0	0	0	0	0	0	0	0	0	0	0	0
Lactococcus sp.	0	0	0	6	5	1	0	0	0	0	0	0	0	0	0	0	0	0	0
Lagaffevirus lagaffe	0	0	0	0	0	0	0	0	0	0	0	0	0	0	0	0	0	0	0
Latilactobacillus curvatus	0	0	0	1	1	0	0	0	0	0	0	0	0	0	0	0	0	0	0
Leclercia adecarboxylata	0	0	0	0	1	0	0	0	0	0	0	0	0	0	0	0	0	0	0
Leclercia pneumoniae	0	0	0	0	0	1	1	0	0	0	0	0	0	0	0	0	0	0	0
Legionella adelaidensis	10	4	6	10	10	7	6	1	0	0	0	0	0	0	0	0	0	0	0
Leisingera aquaemixtae	2	1	1	0	0	1	0	0	0	0	0	0	0	0	0	0	0	0	0
Leisingera thetidis	0	0	0	0	0	4	5	0	0	0	0	0	0	0	0	0	0	0	0
Lelliottia amnigena	8	4	4	0	1	0	0	0	0	0	0	0	0	0	0	0	0	0	0
Leptolyngbya boryana	0	0	0	0	0	0	0	0	0	0	0	0	0	0	0	0	0	0	0
Leptospira interrogans	0	0	0	0	0	0	0	0	0	0	0	0	0	0	0	0	0	0	0
Leuconostoc suionicum	0	0	0	0	0	2	1	0	0	0	0	0	0	0	0	0	0	0	0
Levilactobacillus brevis	1	0	1	0	0	1	0	0	0	0	0	0	0	0	0	0	0	0	0
Ligilactobacillus murinus	0	0	0	0	0	1	1	0	0	0	0	0	0	0	0	0	0	0	0
Ligilactobacillus salivarius	0	0	0	0	1	0	0	0	0	0	0	0	0	0	0	0	0	0	0
Limimaricola sp. AA108-03	0	0	0	2	2	0	0	0	0	0	0	0	0	0	0	0	0	0	0
Limnohabitans sp. TEGF004	0	0	0	1	0	0	0	0	0	0	0	0	0	0	0	0	0	0	0
Limosilactobacillus fermentum	2	1	1	0	0	0	0	0	0	0	0	0	0	0	0	0	0	0	0
Limosilactobacillus reuteri	2	1	1	0	0	0	0	0	0	0	0	0	0	0	0	0	0	0	0
Listeria innocua	2	1	0	0	0	0	0	0	0	0	0	0	0	0	0	0	0	0	0
Loktanella salsilacus	0	0	0	1	0	0	0	0	0	0	0	0	0	0	0	0	0	0	0
Lughvirus lugh	0	0	0	0	0	0	0	0	0	0	0	0	0	0	0	0	0	0	0
Lysinibacillus capsici	0	0	0	0	1	0	0	0	0	0	0	0	0	0	0	0	0	0	0
Lysinibacillus sp. RS11	0	0	0	7	8	8	9	0	0	0	0	0	0	0	0	0	0	0	0
Mahlunavirus rarus	0	0	0	0	0	0	0	0	0	0	0	0	0	0	0	0	0	0	0
Mameliella alba	1	1	0	0	0	1	0	0	0	0	0	0	0	0	0	0	0	0	0
Mameliella sp.	0	0	0	1	1	1	0	0	0	0	0	0	0	0	0	0	0	0	0
Marinibacterium sp. SX1	45	21	23	1	1	0	0	0	0	0	0	0	0	0	0	0	0	0	0
Marinobacter salarius	0	0	0	1	1	0	0	0	0	0	0	0	0	0	0	0	0	0	0
Marinovum algicola	0	0	0	1	1	1	0	0	0	0	0	0	0	0	0	0	0	0	0
Marivivens sp. LCG002	0	0	0	0	0	1	0	0	0	0	0	0	0	0	0	0	0	0	0
Martelella mediterranea	0	0	0	0	0	0	0	0	0	0	0	0	0	0	0	0	0	0	0
Massilia litorea	0	0	0	0	0	0	0	0	1	0	0	0	0	0	0	0	0	0	0
Massilia sp. H6	0	0	0	0	0	0	1	0	0	0	0	0	0	0	0	0	0	0	0
Massilia sp. WG5	0	0	0	1	1	0	0	0	0	0	0	0	0	0	0	0	0	0	0
Mediterraneibacter faecis	2	1	1	0	0	0	0	0	0	0	0	0	0	0	0	0	0	0	0
Mesomycoplasma hyorhinis	0	0	0	1	0	0	0	0	0	0	0	0	0	0	0	0	0	0	0
Mesorhizobium ciceri	0	0	0	0	0	1	1	0	0	0	0	0	0	0	0	0	0	0	0
Mesorhizobium sp. ANAO-SY3R2	0	0	0	0	0	1	1	0	0	0	0	0	0	0	0	0	0	0	0
Mesorhizobium sp. AaZ16	0	0	0	0	1	0	0	0	0	0	0	0	0	0	0	0	0	0	0
Mesorhizobium sp. B2-1-8	0	0	0	0	0	1	1	0	0	0	0	0	0	0	0	0	0	0	0
Mesorhizobium sp. NBIMC_P2-C4	0	0	0	0	0	0	1	0	0	0	0	0	0	0	0	0	0	0	0
Metabacillus halosaccharovorans	0	0	0	2	0	0	0	0	0	0	0	0	0	0	0	0	0	0	0
Metallibacterium scheffleri	119	64	58	135	153	31	32	0	0	0	0	0	0	0	0	0	0	0	0
Metamycoplasma salivarium	0	0	0	0	0	1	0	0	0	0	0	0	0	0	0	0	0	0	0
Methanobacterium petrolearium	4	2	2	0	0	0	0	0	0	0	0	0	0	0	0	0	0	0	0
Methanobrevibacter arboriphilus	4	2	2	2	0	0	0	0	0	0	0	0	0	0	0	0	0	0	0
Methanobrevibacter intestini	0	0	0	1	1	0	0	0	0	0	0	0	0	0	0	0	0	0	0
Methanobrevibacter smithii	0	0	0	1	2	0	0	0	0	0	0	0	0	0	0	0	0	0	0
Methanobrevibacter sp. AbM4	0	0	0	1	1	0	0	0	0	0	0	0	0	0	0	0	0	0	0
Methanobrevibacter sp. DSM 116169	2	1	2	0	0	0	0	0	0	0	0	0	0	0	0	0	0	0	0
Methanocella paludicola	0	0	0	0	0	0	0	0	0	0	0	0	0	0	0	0	0	0	0
Methanocella sp. MCL-LM	0	0	0	0	0	1	1	0	0	0	0	0	0	0	0	0	0	0	0
Methanococcoides burtonii	0	0	0	0	0	0	0	0	0	0	0	0	0	0	0	0	0	0	0
Methanoculleus bourgensis	0	0	0	1	0	0	0	0	0	0	0	0	0	0	0	0	0	0	0
Methanofollis aquaemaris	2	1	1	0	0	0	0	0	0	0	0	0	0	0	0	0	0	0	0
Methanofollis liminatans	0	0	0	0	0	0	0	0	0	0	0	0	0	0	0	0	0	0	0
Methanohalobium evestigatum	0	0	0	0	0	0	0	0	0	0	0	0	0	0	0	0	0	0	0
Methanolacinia petrolearia	0	0	0	0	0	0	0	0	0	0	0	0	0	0	0	0	0	0	0
Methanolobus sp. ZRKC3	44	23	25	0	0	0	0	0	0	0	0	0	0	0	0	0	0	0	0
Methanomethylovorans hollandica	0	0	0	0	0	0	0	0	0	0	0	0	0	0	0	0	0	0	0
Methanosarcina acetivorans	0	0	0	0	0	0	0	0	0	0	0	0	0	0	0	0	0	0	0
Methanosarcina barkeri	0	0	0	0	0	0	0	0	0	0	0	0	0	0	0	0	0	0	0
Methanosphaera sp. BMS	0	0	0	2	2	0	0	0	0	0	0	0	0	0	0	0	0	0	0
Methanosphaerula palustris	0	0	0	0	0	0	0	0	0	0	0	0	0	0	0	0	0	0	0
Methanothrix soehngenii	0	0	0	0	0	0	0	0	0	0	0	0	0	0	0	0	0	0	0
Methanothrix sp.	2	0	2	0	0	0	0	0	0	0	0	0	0	0	0	0	0	0	0
Methylibium petroleiphilum	0	0	0	0	0	0	0	0	0	0	0	0	0	0	0	0	0	0	0
Methylobacter sp. YRD-M1	0	0	0	0	0	0	1	0	0	0	0	0	0	0	0	0	0	0	0
Methylobacterium aquaticum	0	0	0	2	3	0	2	0	0	0	0	0	0	0	0	0	0	0	0
Methylobacterium bullatum	5	1	4	5	7	2	3	0	0	0	0	0	0	0	0	0	0	0	0
Methylobacterium nodulans	0	0	0	0	0	0	0	0	0	0	0	0	0	0	0	0	0	0	0
Methylobacterium sp.	0	0	0	0	0	0	1	0	0	0	0	0	0	0	0	0	0	0	0
Methylocaldum sp. GT1BB	0	0	0	1	1	0	0	0	0	0	0	0	0	0	0	0	0	0	0
Methylocapsa polymorpha	0	0	0	0	0	1	0	0	0	0	0	0	0	0	0	0	0	0	0
Methylocella tundrae	0	0	0	1	1	0	0	0	0	0	0	0	0	0	0	0	0	0	0
Methylococcus sp. EFPC2	256	115	125	0	0	0	0	0	0	0	0	0	0	0	0	0	0	0	0
Methylocystis rosea	2	3	3	0	0	0	0	0	0	0	0	0	0	0	0	0	0	0	0
Methylomagnum ishizawai	0	0	0	1	1	0	0	1	0	0	0	0	0	0	0	0	0	0	0
Methylomicrobium lacus	0	0	0	0	1	1	0	0	0	0	0	0	0	0	0	0	0	0	0
Methylomonas sp. DH-1	0	0	0	0	0	2	2	0	0	0	0	0	0	0	0	0	0	0	0
Methylomonas sp. LL1	0	0	0	0	0	1	1	0	0	0	0	0	0	0	0	0	0	0	0
Methylomonas sp. MED-D	0	0	0	2	2	0	0	0	0	0	0	0	0	0	0	0	0	0	0
Methylomonas sp. MS20	0	0	0	0	0	1	1	0	0	0	0	0	0	0	0	0	0	0	0
Methylorubrum extorquens	0	0	0	0	0	0	0	0	0	0	0	0	0	0	0	0	0	0	0
Methylorubrum populi	0	0	0	1	0	0	1	0	0	0	0	0	0	0	0	0	0	0	0
Methylotuvimicrobium sp. KM1	0	0	0	2	1	0	0	0	0	0	0	0	0	0	0	0	0	0	0
Microbacterium paraoxydans	0	0	0	0	0	1	1	0	0	0	0	0	0	0	0	0	0	0	0
Microbacterium proteolyticum	1	0	1	0	0	0	0	0	0	0	0	0	0	0	0	0	0	0	0
Microbacterium sediminis	0	0	0	1	1	1	1	0	0	0	0	0	0	0	0	0	0	0	0
Microbacterium sp. AISO3	0	0	0	1	1	1	1	0	0	0	0	0	0	0	0	0	0	0	0
Microbacterium sp. BDGP8	0	0	0	0	0	0	1	0	0	0	0	0	0	0	0	0	0	0	0
Microbacterium sp. J1-1	0	0	0	0	0	2	2	0	0	0	0	0	0	0	0	0	0	0	0
Microbacterium sp. NIBRBAC000506063	0	0	1	2	3	0	0	0	0	0	0	0	0	0	0	0	0	0	0
Microbacterium sp. No. 7	0	0	0	0	0	3	1	0	0	0	0	0	0	0	0	0	0	0	0
Micrococcus luteus	0	0	0	0	0	1	1	0	0	0	0	0	0	0	0	0	0	0	0
Microvirga lotononidis	0	0	0	0	0	0	1	0	0	0	0	0	0	0	0	0	0	0	0
Microvirga roseola	2	1	1	1	0	0	0	0	0	0	0	0	0	0	0	0	0	0	0
Microvirga sp. M2	0	0	1	0	0	2	1	0	0	0	0	0	0	0	0	0	0	0	0
Microvirga sp. RSM25	2	1	1	0	0	0	0	0	0	0	0	0	0	0	0	0	0	0	0
Microvirga sp. VF16	0	0	0	4	6	1	1	0	0	0	0	0	0	0	0	0	0	0	0
Microvirga terrae	0	0	0	3	3	0	0	0	0	0	0	0	0	0	0	0	0	0	0
Microvirgula aerodenitrificans	0	0	0	1	0	0	0	0	0	0	0	0	0	0	0	0	0	0	0
Miecznikowavirus AH14a	0	0	0	0	0	0	0	0	0	0	0	0	0	0	0	0	0	0	0
Mitsuaria sp. 7	12	6	6	60	56	78	71	2	3	0	0	0	0	0	0	0	0	0	0
Mitsuokella multacida	222	109	109	4	4	2	1	0	0	0	0	0	0	0	0	0	0	0	0
Moellerella wisconsensis	0	0	0	4	3	17	12	0	0	0	0	0	0	0	0	0	0	0	0
Moineauvirus CHPC1062	0	0	0	0	0	0	0	0	0	0	0	0	0	0	0	0	0	0	0
Monoglobus pectinilyticus	12	5	5	9	7	11	8	4	1	0	0	0	0	0	0	0	0	1	0
Mooglevirus moogle	0	0	0	0	0	0	0	0	0	0	0	0	0	0	0	0	0	0	0
Moraxella bovis	0	0	0	1	0	0	0	0	0	0	0	0	0	0	0	0	0	0	0
Moraxella bovoculi	0	0	0	1	1	0	0	0	0	0	0	0	0	0	0	0	0	0	0
Morganella morganii	9	5	4	8	9	5	5	0	0	0	0	0	0	0	0	0	0	0	0
Moturavirus motura	0	0	0	0	0	0	0	0	0	0	0	0	0	0	0	0	0	0	0
Muribaculum gordoncarteri	29	15	14	0	0	1	1	0	0	0	0	0	0	0	0	0	0	0	0
Mushuvirus mushu	0	0	0	0	0	0	0	0	0	0	0	0	0	0	0	0	0	0	0
Mycetohabitans endofungorum	0	0	0	0	1	0	0	0	0	0	0	0	0	0	0	0	0	0	0
Mycobacterium intracellulare	0	0	0	0	0	0	0	0	0	0	0	0	0	0	0	0	0	0	0
Mycobacterium ulcerans	1	0	1	0	0	0	0	0	0	0	0	0	0	0	0	0	0	0	0
Mycobacteroides abscessus	0	0	0	0	0	0	0	0	0	0	0	0	0	0	0	0	0	0	0
Mycoplasmopsis cynos	0	0	0	0	0	0	1	1	1	0	0	0	0	0	0	2	0	0	0
Mydovirus Ro1	0	0	0	0	0	0	0	0	0	0	0	0	0	0	0	0	0	0	0
Natranaerobius thermophilus	0	0	0	0	0	0	0	0	0	0	0	0	0	0	0	0	0	0	0
Natrinema pellirubrum	0	0	0	0	0	0	0	0	0	0	0	0	0	0	0	0	0	0	0
Natronobacterium lacisalsi	0	0	0	0	0	0	0	0	0	0	0	0	0	0	0	0	0	0	0
Natronobeatus ordinarius	0	0	0	0	0	0	1	0	0	0	0	0	0	0	0	0	0	0	0
Natronococcus wangiae	0	0	0	0	0	1	1	0	0	0	0	0	0	0	0	0	0	0	0
Natronomonas gomsonensis	0	0	0	0	0	1	1	0	0	0	0	0	0	0	0	0	0	0	0
Natronomonas marina	0	0	0	0	0	1	1	0	0	0	0	0	0	0	0	0	0	0	0
Natrononativus amylolyticus	0	0	0	0	0	1	1	0	0	0	0	0	0	0	0	0	0	0	0
Neisseria gonorrhoeae	682	334	324	717	649	658	635	1	7	0	0	0	0	0	0	0	0	0	1
Neorhizobium galegae	1	1	0	0	0	2	2	0	0	0	0	0	0	0	0	0	0	0	0
Neorhizobium petrolearium	0	0	0	1	1	0	0	0	0	0	0	0	0	0	0	0	0	0	0
Neorhizobium sp. SOG26	0	0	0	1	0	0	0	0	0	0	0	0	0	0	0	0	0	0	0
Neotabrizicola shimadae	0	0	0	0	0	0	1	0	0	0	0	0	0	0	0	0	0	0	0
Neptuniibacter sp. QD37_11	9	8	5	3	4	7	6	0	0	0	0	0	0	0	0	0	0	0	0
Nitratidesulfovibrio vulgaris	2	1	1	0	0	0	0	0	0	0	0	0	0	0	0	0	0	0	0
Nitratireductor kimnyeongensis	2	1	1	0	0	0	0	0	0	0	0	0	0	0	0	0	0	0	0
Nitratireductor sp. GZWM139	3	1	2	0	0	1	1	0	0	0	0	0	0	0	0	0	0	0	0
Nitratireductor thuwali	0	0	0	1	0	0	0	0	0	0	0	0	0	0	0	0	0	0	0
Nitrobacter hamburgensis	0	0	0	0	0	0	0	0	0	0	0	0	0	0	0	0	0	0	0
Nitrosomonas europaea	0	0	0	1	1	0	0	0	0	0	0	0	0	0	0	0	0	0	0
Niveibacterium microcysteis	4	2	2	54	43	57	53	7	4	0	0	0	0	0	1	0	0	0	0
Niveispirillum cyanobacteriorum	4	2	2	2	1	1	0	0	0	0	0	0	0	0	0	0	0	0	0
Nocardia farcinica	3	2	1	3	2	1	1	0	0	0	0	0	0	0	0	0	0	0	0
Nocardioides sp. QY071	0	0	0	1	1	0	0	0	0	0	0	0	0	0	0	0	0	0	0
Nodosilinea sp. E11	0	0	0	0	0	3	2	0	0	0	0	0	0	0	0	0	0	0	0
Nonomuraea gerenzanensis	39	18	19	27	28	10	7	0	0	0	0	0	0	0	0	0	0	0	0
Novemvirus T5282H	0	0	0	0	0	0	0	0	0	0	0	0	0	0	0	0	0	0	0
Novosphingobium capsulatum	0	0	0	0	1	0	0	0	0	0	0	0	0	0	0	0	0	0	0
Novosphingobium humi	2	1	1	0	0	0	0	0	0	0	0	0	0	0	0	0	0	0	0
Novosphingobium resinovorum	1	0	1	4	4	0	0	0	0	0	0	0	0	0	0	0	0	0	0
Novosphingobium sp. ES2-1	0	0	0	2	1	14	13	0	0	0	0	0	0	0	0	0	0	0	0
Novosphingobium sp. KACC 22771	3	2	1	10	11	0	0	0	0	0	0	0	0	0	0	0	0	0	0
Novosphingobium sp. P6W	2	1	1	0	0	0	0	0	0	0	0	0	0	0	0	0	0	0	0
Novosphingobium sp. RL4	2	1	1	0	0	1	1	0	0	0	0	0	0	0	0	0	0	0	0
Novosphingobium sp. THN1	0	0	0	2	2	1	1	0	0	0	0	0	0	0	0	0	0	0	0
Novosphingobium terrae	4	2	1	1	1	1	2	0	0	0	0	0	0	0	0	0	0	0	0
Ochrobactrum quorumnocens	9	5	4	0	0	0	0	0	0	0	0	0	0	0	0	0	0	0	0
Oengusvirus oengus	0	0	0	0	0	0	0	0	0	0	0	0	0	0	0	0	0	0	0
Ornithinibacillus xuwenensis	0	0	0	0	0	2	0	0	0	0	0	0	0	0	0	0	0	0	0
Ornithinimicrobium sp. INDO-MA30-4	2	1	1	0	0	0	0	0	0	0	0	0	0	0	0	0	0	0	0
Ornithobacterium rhinotracheale	0	0	0	1	2	0	0	0	0	0	0	0	0	0	0	0	0	0	0
Ottowia caeni	2	1	1	2	2	2	2	0	0	0	0	0	0	0	0	0	0	0	0
Ottowia sp. VDI28	0	0	0	1	0	0	0	0	0	0	0	0	0	0	0	0	0	0	0
Paenarthrobacter ureafaciens	1	0	0	0	0	0	0	0	0	0	0	0	0	0	0	0	0	0	0
Paenibacillus cellulosilyticus	2	1	1	0	0	1	1	0	0	0	1	0	0	0	0	0	0	0	0
Paenibacillus elgii	0	0	0	1	1	0	0	0	0	0	0	0	0	0	0	0	0	0	0
Paenibacillus illinoisensis	0	0	0	0	0	1	1	0	0	0	0	0	0	0	0	0	0	0	0
Paenibacillus polymyxa	0	0	0	0	0	1	0	0	0	0	0	0	0	0	0	0	0	0	0
Pakpunavirus SPA01	0	0	0	0	0	0	0	0	0	0	0	0	0	0	0	0	0	0	0
Pandoraea oxalativorans	2	1	1	0	0	0	0	0	0	0	0	0	0	0	0	0	0	0	0
Pandoraea sp. XJJ-1	2	1	1	24	20	0	0	0	0	0	0	0	0	0	0	0	0	0	0
Pandoravirus dulcis	1	0	0	0	0	0	0	0	0	0	0	0	0	0	0	0	0	0	0
Pantoea agglomerans	2	1	2	5	4	1	1	0	0	0	0	0	0	0	0	0	0	0	0
Pantoea ananatis	0	0	0	21	14	0	0	0	0	0	0	0	0	0	0	0	0	0	0
Pantoea cypripedii	1	1	0	0	0	0	0	0	0	0	0	0	0	0	0	0	0	0	0
Pantoea dispersa	2	1	0	0	0	4	2	0	0	0	0	0	0	0	0	0	0	0	0
Pantoea phytobeneficialis	7	4	3	0	1	0	0	0	0	0	0	0	0	0	0	0	0	0	0
Pantoea sp. App145	1	1	0	1	1	0	0	0	0	0	0	0	0	0	0	0	0	0	0
Pantoea sp. At-9b	0	0	0	1	0	2	1	0	0	0	0	0	0	0	0	0	0	0	0
Pantoea sp. BJ2	1	1	0	0	0	0	0	0	0	0	0	0	0	0	0	0	0	0	0
Pantoea sp. BRR-3P	0	0	0	1	1	0	0	0	0	0	0	0	0	0	0	0	0	0	0
Pantoea sp. JZ2	91	43	41	0	0	0	0	0	0	0	0	0	0	0	0	0	0	0	0
Pantoea sp. S18	0	0	0	1	0	0	0	0	0	0	0	0	0	0	0	0	0	0	0
Pantoea stewartii	0	0	0	0	0	0	0	0	0	0	0	0	0	0	0	0	0	0	0
Pantoea vagans	1	1	0	0	0	0	0	0	0	0	0	0	0	0	0	0	0	0	0
Parabacteroides distasonis	54	28	24	6	7	1	1	0	0	0	0	0	0	0	0	0	0	0	0
Paraburkholderia aromaticivorans	0	0	0	2	2	1	1	0	0	0	0	0	0	0	0	0	0	0	0
Paraburkholderia atlantica	0	0	0	0	0	0	1	0	0	0	0	0	0	0	0	0	0	0	0
Paraburkholderia caribensis	1	1	0	0	0	1	1	0	0	0	0	0	0	0	0	0	0	0	0
Paraburkholderia dioscoreae	0	0	0	0	0	1	0	0	0	0	0	0	0	0	0	0	0	0	0
Paraburkholderia fungorum	0	0	0	2	3	6	5	0	0	0	0	0	0	0	0	0	0	0	0
Paraburkholderia hospita	0	0	0	1	1	0	0	0	0	0	0	0	0	0	0	0	0	0	0
Paraburkholderia largidicola	0	0	0	1	1	0	0	0	0	0	0	0	0	0	0	0	0	0	0
Paraburkholderia pallida	0	0	0	1	0	0	0	0	0	0	0	0	0	0	0	0	0	0	0
Paraburkholderia phymatum	0	0	0	0	0	0	0	0	0	0	0	0	0	0	0	0	0	0	0
Paraburkholderia sabiae	1	0	0	6	2	0	0	0	0	0	0	0	0	0	0	0	0	0	0
Paraburkholderia sacchari	0	0	0	2	1	1	0	0	0	0	0	0	0	0	0	0	0	0	0
Paraburkholderia sp. PGU19	1	1	0	1	1	0	0	0	0	0	0	0	0	0	0	0	0	0	0
Paraburkholderia sp. PREW-6R	2	1	1	0	0	0	0	0	0	0	0	0	0	0	0	0	0	0	0
Paraburkholderia sprentiae	0	0	0	0	0	0	0	0	0	0	0	0	0	0	0	0	0	0	0
Paraburkholderia terrae	0	0	0	1	1	0	0	0	0	0	0	0	0	0	0	0	0	0	0
Paracoccus aerodenitrificans	0	0	0	1	1	0	0	0	0	0	0	0	0	0	0	0	0	0	0
Paracoccus aestuarii	0	0	0	2	2	0	0	0	0	0	0	0	0	0	0	0	0	0	0
Paracoccus albicereus	3	1	2	7	9	2	1	0	0	0	0	0	0	0	0	0	0	0	0
Paracoccus albus	0	0	0	1	0	0	0	0	0	0	0	0	0	0	0	0	0	0	0
Paracoccus alcaliphilus	0	0	0	4	4	1	0	0	0	0	0	0	0	0	0	0	0	0	0
Paracoccus aminophilus	0	0	0	0	0	0	0	0	0	0	0	0	0	0	0	0	0	0	0
Paracoccus aminovorans	2	0	2	103	85	11	7	0	0	0	0	0	0	0	0	0	0	0	0
Paracoccus contaminans	0	0	0	1	0	1	0	0	0	0	0	0	0	0	0	0	0	0	0
Paracoccus denitrificans	18	10	8	12	10	5	7	0	0	0	0	0	0	0	0	0	0	0	0
Paracoccus homiensis	1	1	0	2	0	0	0	0	0	0	0	0	0	0	0	0	0	0	0
Paracoccus jeotgali	0	0	0	0	1	0	0	0	0	0	0	0	0	0	0	0	0	0	0
Paracoccus kondratievae	0	0	0	1	0	2	0	0	0	0	0	0	0	0	0	0	0	0	0
Paracoccus liaowanqingii	1	1	0	0	0	5	7	0	0	0	0	0	0	0	0	0	0	0	0
Paracoccus marcusii	0	0	0	3	4	1	1	0	0	0	0	0	0	0	0	0	0	0	0
Paracoccus methylovorus	1	1	0	0	0	0	0	0	0	0	0	0	0	0	0	0	0	0	0
Paracoccus pantotrophus	2	1	1	3	0	1	1	0	0	0	0	0	0	0	0	0	0	0	0
Paracoccus saliphilus	0	0	0	1	0	0	0	0	0	0	0	0	0	0	0	0	0	0	0
Paracoccus sanguinis	0	0	0	1	1	0	0	0	0	0	0	0	0	0	0	0	0	0	0
Paracoccus sediminicola	0	0	0	0	1	1	0	0	0	0	0	0	0	0	0	0	0	0	0
Paracoccus seriniphilus	4	2	2	2	2	1	4	0	0	0	0	0	0	0	0	0	0	0	0
Paracoccus sp. AK26	0	0	0	2	0	1	0	0	0	0	0	0	0	0	0	0	0	0	0
Paracoccus sp. Arc7-R13	8	4	4	1	0	0	0	0	0	0	0	0	0	0	0	0	0	0	0
Paracoccus sp. MA	4	2	2	2	2	0	0	0	0	0	0	0	0	0	0	0	0	0	0
Paracoccus sp. ME4	0	0	0	0	0	2	1	0	0	0	0	0	0	0	0	0	0	0	0
Paracoccus sp. SCSIO 75233	0	0	0	1	2	0	0	0	0	0	0	0	0	0	0	0	0	0	0
Paracoccus sp. TD-10	0	0	0	2	1	1	1	0	0	0	0	0	0	0	0	0	0	0	0
Paracoccus sp. TOH	0	0	0	3	4	1	2	0	0	0	0	0	0	0	0	0	0	0	0
Paracoccus tegillarcae	2	1	1	2	1	0	0	0	0	0	0	0	0	0	0	0	0	0	0
Paracoccus versutus	2	1	1	20	18	5	4	0	0	0	0	0	0	0	0	0	0	0	0
Paracoccus yeei	7	4	3	599	548	11	5	0	0	0	0	0	0	0	0	0	0	0	0
Paracoccus zhejiangensis	2	1	1	7	4	1	0	0	0	0	0	0	0	0	0	0	0	0	0
Paragemmobacter aquarius	0	0	0	2	3	211	200	0	0	0	0	0	0	0	0	0	0	0	0
Parageobacillus thermoglucosidasius	0	0	0	1	1	0	0	0	0	0	0	0	0	0	0	0	0	0	0
Pararhizobium gei	6	4	3	6	6	2	2	0	0	0	0	0	0	0	0	0	0	0	0
Pararhizobium qamdonense	0	0	0	1	1	1	0	0	0	0	0	0	0	0	0	0	0	0	0
Paroceanicella profunda	0	0	0	1	1	2	1	0	0	0	0	0	0	0	0	0	0	0	0
Pasteurella multocida	1	1	0	18	14	18	18	0	0	0	0	0	0	0	0	0	0	0	0
Pectobacterium sp. B2J-2	0	0	0	1	1	0	0	0	0	0	0	0	0	0	0	0	0	0	0
Pectobacterium versatile	0	0	0	0	1	1	1	0	0	0	0	0	0	0	0	0	0	0	0
Pedobacter sp. BS3	2	1	1	0	0	0	1	0	0	0	0	0	0	0	0	0	0	0	0
Pelagibacterium sp. H642	0	0	0	0	1	0	0	0	0	0	0	0	0	0	0	0	0	0	0
Pelagovum pacificum	0	0	0	1	1	0	0	0	0	0	0	0	0	0	0	0	0	0	0
Pelobacter propionicus	0	0	0	0	0	0	0	0	0	0	0	0	0	0	0	0	0	0	0
Peptoclostridium acidaminophilum	0	0	0	0	0	0	0	0	0	0	0	0	0	0	0	0	0	0	0
Persicobacter psychrovividus	1	0	1	0	1	3	3	0	0	0	0	0	0	0	0	0	0	0	0
Peteryoungia algae	1	0	0	4	4	1	1	0	0	0	0	0	0	0	0	0	0	0	0
Peteryoungia desertarenae	2	1	1	0	0	0	0	0	0	0	0	0	0	0	0	0	0	0	0
Pettyvirus petty	0	0	0	0	0	0	0	0	0	0	0	0	0	0	0	0	0	0	0
Phaeobacter inhibens	2	1	1	0	1	1	1	0	0	0	0	0	0	0	0	0	0	0	0
Phenylobacterium zucineum	0	0	0	0	0	0	0	0	0	0	0	0	0	0	0	0	0	0	0
Phocaeicola dorei	11	6	5	1	1	0	0	0	0	0	0	0	0	0	0	0	0	0	0
Phocaeicola vulgatus	3	1	2	1	1	2	2	0	0	0	0	0	0	0	0	0	0	0	0
Photobacterium sp. DA100	0	0	0	0	0	1	1	0	0	0	0	0	0	0	0	0	0	0	0
Photobacterium sp. GJ3	2	1	1	0	1	1	2	0	0	0	0	0	0	0	0	0	0	0	0
Phyllobacterium sp. 628	15	8	7	1	1	0	0	0	0	0	0	0	0	0	0	0	0	0	0
Phyllobacterium sp. A18/5-2	0	0	0	2	2	0	0	0	0	0	0	0	0	0	0	0	0	0	0
Phyllobacterium zundukense	19	11	8	0	0	2	2	0	0	0	0	0	0	0	0	0	0	0	0
Phytobacter diazotrophicus	11	6	5	12	12	0	0	0	0	0	0	0	0	0	0	0	0	0	0
Pigmentiphaga litoralis	2	0	1	0	0	7	3	0	0	0	0	0	0	0	0	0	0	0	0
Piscesmortuivirus LPM4	0	0	0	0	0	0	0	0	0	0	0	0	0	0	0	0	0	0	0
Piscinibacter gummiphilus	8	5	3	3	2	4	4	0	0	0	0	0	0	0	0	0	0	0	0
Planococcus donghaensis	0	0	0	2	2	0	0	0	0	0	0	0	0	0	0	0	0	0	0
Plesiomonas shigelloides	4	2	2	2	2	1	1	2	2	0	0	0	0	0	0	0	0	5	0
Polaromonas hydrogenivorans	11	7	4	15	11	7	8	0	0	0	0	0	0	0	0	0	0	0	0
Polaromonas naphthalenivorans	0	0	0	0	0	0	0	0	0	0	0	0	0	0	0	0	0	0	0
Polaromonas sp.	4	1	3	2	3	1	0	0	0	0	0	0	0	0	0	0	0	0	0
Polaromonas sp. E3S	38	18	18	1	1	5	3	0	0	0	0	0	0	0	0	0	0	0	0
Polaromonas sp. H6N	0	0	0	0	0	2	2	0	0	0	0	0	0	0	0	0	0	0	0
Polaromonas sp. H8N	0	0	0	0	0	1	1	0	0	0	0	0	0	0	0	0	0	0	0
Polaromonas sp. JS666	10	8	3	5	4	14	9	0	0	0	0	0	0	0	0	0	0	0	0
Polybotosvirus Atuph07	0	0	0	0	0	0	0	0	0	0	0	0	0	0	0	0	0	0	0
Ponticoccus alexandrii	0	0	0	1	0	0	0	0	0	0	0	0	0	0	0	0	0	0	0
Popoffvirus pv56	0	0	0	0	0	0	0	0	0	0	0	0	0	0	0	0	0	0	0
Porphyromonas gingivalis	0	0	0	0	0	21	23	0	0	0	0	0	0	0	0	0	0	0	0
Prevotella nigrescens	4	3	3	2	2	4	2	0	0	0	0	0	0	1	0	0	0	0	0
Prevotella sp. oral taxon 299	0	0	0	0	0	0	0	0	0	0	0	0	0	0	0	0	0	0	0
Priestia megaterium	0	0	0	0	0	4	0	0	0	0	0	0	0	0	0	0	0	0	0
Proteus mirabilis	24	12	11	19	18	5	2	0	0	0	0	0	0	0	0	0	0	0	0
Proteus terrae	0	0	0	0	0	1	1	0	0	0	0	0	0	0	0	0	0	0	0
Providencia alcalifaciens	6	4	2	2	1	6	5	0	0	0	0	0	0	0	0	0	0	0	0
Providencia huaxiensis	2	1	1	3	4	0	0	0	0	0	0	0	0	0	0	0	0	0	0
Providencia rettgeri	0	0	0	0	1	0	0	0	0	0	0	0	0	0	0	0	0	0	0
Providencia sp. PROV046	0	0	0	0	0	1	0	0	0	0	0	0	0	0	0	0	0	0	0
Providencia sp. PROV080	2	2	0	2	1	1	0	0	0	0	0	0	0	0	0	0	0	0	0
Providencia sp. PROV099	1	1	0	0	0	0	0	0	0	0	0	0	0	0	0	0	0	0	0
Providencia stuartii	0	0	0	2	0	0	0	0	0	0	0	0	0	0	0	0	0	0	0
Przondovirus henu1	0	0	0	0	0	0	0	0	0	0	0	0	0	0	0	0	0	0	0
Pseudidiomarina salilacus	0	0	0	6	6	14	9	0	0	0	0	0	0	0	0	0	0	0	0
Pseudoalteromonas mariniglutinosa	2	2	0	1	1	2	3	0	0	0	0	0	0	0	0	0	0	0	0
Pseudoalteromonas xiamenensis	0	0	0	1	0	1	1	0	0	0	0	0	0	0	0	0	0	0	0
Pseudolactococcus piscium	0	0	0	0	0	0	0	0	0	0	0	0	0	0	0	0	0	0	0
Pseudolactococcus raffinolactis	75	36	38	61	63	24	26	0	0	0	0	0	0	0	0	0	0	0	0
Pseudomonas aeruginosa	2207	1094	1036	717	679	1190	1128	7	1	0	0	0	0	0	0	14	11	0	0
Pseudomonas alloputida	0	0	0	1	1	1	1	0	0	0	0	0	0	0	0	0	0	0	0
Pseudomonas amygdali	0	0	0	0	0	0	0	0	0	0	0	0	0	0	0	0	0	0	0
Pseudomonas avellanae	0	0	0	1	0	0	0	0	0	0	0	0	0	0	0	0	0	0	0
Pseudomonas bubulae	176	84	87	53	62	600	588	5	1	0	0	0	0	0	0	3	0	0	0
Pseudomonas chlororaphis	4	2	2	3	3	1	1	0	0	0	0	0	0	0	0	0	0	0	0
Pseudomonas extremaustralis	0	0	0	1	2	2	2	0	0	0	0	0	0	0	0	0	0	0	0
Pseudomonas fluorescens	301	155	142	559	534	97	94	0	0	0	0	0	0	0	0	0	0	0	0
Pseudomonas fragi	4	1	2	0	0	1	0	0	0	0	0	0	0	0	0	0	0	0	0
Pseudomonas frederiksbergensis	9	4	3	0	0	1	0	0	0	0	0	0	0	0	0	0	0	0	0
Pseudomonas guariconensis	0	0	0	1	1	0	0	0	0	0	0	0	0	0	0	0	0	0	0
Pseudomonas hunanensis	0	0	0	0	0	1	2	0	0	0	0	0	0	0	0	0	0	0	0
Pseudomonas hygromyciniae	2	1	1	0	0	1	0	0	0	0	0	0	0	0	0	0	0	0	0
Pseudomonas juntendi	0	0	0	1	0	1	1	0	0	0	0	0	0	0	0	0	0	0	0
Pseudomonas kurunegalensis	2	1	1	2	2	1	2	0	0	0	0	0	0	0	0	0	0	0	0
Pseudomonas lundensis	4	2	2	0	0	2	2	0	0	0	0	0	0	0	0	0	0	0	0
Pseudomonas luteola	9	5	4	1	0	12	11	0	0	0	0	0	0	0	0	0	0	0	0
Pseudomonas mandelii	0	0	0	0	0	0	0	0	0	0	0	0	0	0	0	0	0	0	0
Pseudomonas marginalis	16	8	8	12	10	10	9	0	0	0	0	0	0	0	0	0	0	0	0
Pseudomonas migulae	0	0	0	0	1	0	0	0	0	0	0	0	0	0	0	0	0	0	0
Pseudomonas nitroreducens	16	7	8	17	18	149	147	0	0	0	0	0	0	0	0	0	0	0	0
Pseudomonas oryzihabitans	7	4	3	2	3	4	2	0	0	0	0	0	0	0	0	0	0	0	0
Pseudomonas phage PS-1	0	0	0	0	0	1712	1591	0	0	0	0	0	0	0	0	0	0	0	0
Pseudomonas putida	13	7	5	26	24	19	19	0	0	0	0	0	0	0	0	0	0	0	0
Pseudomonas saxonica	0	0	0	0	0	10	8	0	0	0	0	0	0	0	0	0	0	0	0
Pseudomonas serbica	0	0	0	1	0	0	0	0	0	0	0	0	0	0	0	0	0	0	0
Pseudomonas shirazensis	111	58	46	22	24	107	105	1	3	0	0	0	0	0	1	0	0	0	0
Pseudomonas silesiensis	5	2	3	3	3	0	0	0	0	0	0	0	0	0	0	0	0	0	0
Pseudomonas sp.	0	0	0	2	2	4	3	0	0	0	0	0	0	0	0	0	0	0	0
Pseudomonas sp. 2,4-D	0	0	0	1	1	0	0	0	0	0	0	0	0	0	0	0	0	0	0
Pseudomonas sp. 4810-S13	0	0	0	1	1	1	1	0	0	0	0	0	0	0	0	0	0	0	0
Pseudomonas sp. A2	21	9	9	5	5	0	0	0	0	0	0	0	0	0	0	0	0	0	0
Pseudomonas sp. AO-1	0	0	0	3	2	1	1	0	0	0	0	0	0	0	0	0	0	0	0
Pseudomonas sp. BYT-5	0	0	0	1	1	1	1	0	0	0	0	0	0	0	0	0	0	0	0
Pseudomonas sp. JS425	0	0	0	0	0	1	0	0	0	0	0	0	0	0	0	0	0	0	0
Pseudomonas sp. LFM046	120	62	55	13	12	66	67	0	0	0	0	0	0	0	0	0	0	0	0
Pseudomonas sp. LM12	0	0	0	0	2	0	0	0	0	0	0	0	0	0	0	0	0	0	0
Pseudomonas sp. LM8	0	0	0	2	1	0	0	0	0	0	0	0	0	0	0	0	0	0	0
Pseudomonas sp. MIL9	946	468	439	219	211	9	7	0	0	0	0	0	0	0	0	0	0	0	0
Pseudomonas sp. MRSN 12121	2	1	1	0	0	0	0	0	0	0	0	0	0	0	0	0	0	0	0
Pseudomonas sp. PLMAX	0	0	0	2	0	0	0	0	0	0	0	0	0	0	0	0	0	0	0
Pseudomonas sp. TMP25	1	0	1	1	1	0	0	0	0	0	0	0	0	0	0	0	0	0	0
Pseudomonas sp. UBT	451	223	209	109	96	165	156	2	1	0	0	0	0	0	0	0	0	0	0
Pseudomonas sp. XWY-1	0	0	0	0	0	1	0	0	0	0	0	0	0	0	0	0	0	0	0
Pseudomonas sp. Z8(2022)	1	0	1	1	0	0	0	0	0	0	0	0	0	0	0	0	0	0	0
Pseudomonas syringae	0	0	0	0	0	0	0	0	0	0	0	0	0	0	0	0	0	0	0
Pseudomonas syringae group genomosp. 3	0	0	0	0	0	0	0	0	0	0	0	0	0	0	0	0	0	0	0
Pseudomonas veronii	13	7	6	11	11	5	6	0	0	0	0	0	0	0	0	0	0	0	0
Pseudomonas viridiflava	0	0	0	1	0	0	0	0	0	0	0	0	0	0	0	0	0	0	0
Pseudooceanicola algae	2	1	1	1	2	0	0	0	0	0	0	0	0	0	0	0	0	0	0
Pseudooceanicola nitratireducens	0	0	0	0	0	2	3	0	0	0	0	0	0	0	0	0	0	0	0
Pseudophaeobacter sp. TrK17	0	0	0	1	0	0	0	0	0	0	0	0	0	0	0	0	0	0	0
Pseudorhizobium banfieldiae	0	0	0	1	1	0	0	0	0	0	0	0	0	0	0	0	0	0	0
Pseudorhodobacter turbinis	2	1	1	2	2	4	1	0	0	0	0	0	0	0	0	0	0	0	0
Pseudosulfitobacter pseudonitzschiae	0	0	0	14	12	3	3	0	0	0	0	0	0	0	0	0	0	0	0
Pseudosulfitobacter sp. DSM 107133	0	0	0	1	0	0	1	0	0	0	0	0	0	0	0	0	0	0	0
Pseudovibrio brasiliensis	0	0	0	0	0	1	1	0	0	0	0	0	0	0	0	0	0	0	0
Pseudoxanthomonas japonensis	0	0	0	0	1	2	1	0	0	0	0	0	0	0	0	0	0	0	0
Psychrobacter sanguinis	0	0	0	0	1	1	1	0	0	0	0	0	0	0	0	0	0	0	0
Psychrobacter sp.	1	0	1	0	0	0	0	0	0	0	0	0	0	0	0	0	0	0	0
Psychrobacter sp. 4Bb	2	1	1	0	0	0	0	0	0	0	0	0	0	0	0	0	0	0	0
Psychrobacter sp. P11G5	0	0	0	1	1	0	0	0	0	0	0	0	0	0	0	0	0	0	0
Psychrobacter urativorans	0	0	0	1	1	1	1	0	0	0	0	0	0	0	0	0	0	0	0
Pusillibacter faecalis	4402	2178	2092	934	894	1821	1744	1	0	0	0	0	0	0	0	0	0	0	0
Qipengyuania citrea	0	0	0	0	0	1	1	0	0	0	0	0	0	0	0	0	0	0	0
Radiobacillus kanasensis	0	0	0	0	1	0	0	2	0	0	0	0	0	0	0	0	0	0	0
Rahnella aceris	3	1	2	0	0	1	0	0	0	0	0	0	0	0	0	0	0	0	0
Rahnella aquatilis	0	0	0	0	0	0	0	0	0	0	0	0	0	0	0	0	0	0	0
Rahnella variigena	5	2	3	5	6	4	3	0	0	0	0	0	0	0	0	0	0	0	0
Rahnella victoriana	7	4	3	5	6	2	2	0	0	0	0	0	0	0	0	0	0	0	0
Ralstonia pseudosolanacearum	67	35	35	17	18	24	22	0	0	0	0	0	0	0	0	0	0	0	0
Ralstonia solanacearum	25	14	11	222	200	8	7	0	0	0	0	0	0	0	0	0	0	0	0
Ralstonia sp. 25C	7	3	3	4	2	4	5	0	0	0	0	0	0	0	0	0	0	0	0
Ralstonia sp. RRA	40	18	20	19	17	131	120	0	0	0	0	0	0	0	0	0	0	0	0
Ralstonia syzygii	6	4	2	17	14	5	6	0	0	0	0	0	0	0	0	0	0	0	0
Ralstonia thomasii	0	0	0	1	1	0	0	0	0	0	0	0	0	0	0	0	0	0	0
Raoultella ornithinolytica	28	16	12	20	16	11	9	0	1	0	0	0	0	0	0	0	0	0	0
Raoultella planticola	4	2	2	45	38	29	28	0	0	0	0	0	0	0	0	0	0	0	0
Raoultella sp. HC6	0	0	0	0	0	1	1	0	0	0	0	0	0	0	0	0	0	0	0
Rathayibacter sp. VKM Ac-2760	0	0	0	0	0	1	0	0	0	0	0	0	0	0	0	0	0	0	0
Reginaelenavirus rv3LV2017	0	0	0	0	0	0	0	0	0	0	0	0	0	0	0	0	0	0	0
Reipivirus ST16OXA48phi54	0	0	0	0	0	0	0	0	0	0	0	0	0	0	0	0	0	0	0
Rhizobium binae	1	1	0	0	0	0	0	0	0	0	0	0	0	0	0	0	0	0	0
Rhizobium daejeonense	0	0	0	0	0	1	0	0	0	0	0	0	0	0	0	0	0	0	0
Rhizobium etli	0	0	0	0	0	0	0	0	0	0	0	0	0	0	0	0	0	0	0
Rhizobium gallicum	2	1	1	0	0	0	0	0	0	0	0	0	0	0	0	0	0	0	0
Rhizobium grahamii	0	0	0	0	0	0	0	0	0	0	0	0	0	0	0	0	0	0	0
Rhizobium hidalgonense	4	2	2	0	0	0	0	0	0	0	0	0	0	0	0	0	0	0	0
Rhizobium indicum	2	1	1	1	1	4	5	0	0	0	0	0	0	0	0	0	0	0	0
Rhizobium jaguaris	1	1	0	0	0	0	0	0	0	0	0	0	0	0	0	0	0	0	0
Rhizobium leguminosarum	5	2	3	0	1	2	1	0	0	0	0	0	0	0	0	0	0	0	0
Rhizobium phaseoli	4	2	2	0	0	0	0	0	0	0	0	0	0	0	0	0	0	0	0
Rhizobium rosettiformans	24	12	12	3	3	0	1	0	0	0	0	0	0	0	0	0	0	0	0
Rhizobium ruizarguesonis	2	1	1	0	0	4	4	0	9	0	0	0	0	0	0	0	0	0	0
Rhizobium sp. 11515TR	0	0	0	0	0	1	1	0	0	0	0	0	0	0	0	0	0	0	0
Rhizobium sp. 32-5/1	21	12	10	0	0	0	0	0	0	0	0	0	0	0	0	0	0	0	0
Rhizobium sp. BG4	0	0	0	0	0	1	2	0	0	0	0	0	0	0	0	0	0	0	0
Rhizobium sp. C104	2	1	1	0	0	0	0	0	0	0	0	0	0	0	0	0	0	0	0
Rhizobium sp. CB3060	4	2	2	0	0	0	1	0	0	0	0	0	0	0	0	0	0	0	0
Rhizobium sp. CB3090	2	1	1	0	0	0	0	0	0	0	0	0	0	0	0	0	0	0	0
Rhizobium sp. CCGE 510	0	0	0	1	1	1	1	0	0	0	0	0	0	0	0	0	0	0	0
Rhizobium sp. NLR16a	2	1	1	3	2	1	0	0	0	0	0	0	0	0	0	0	0	0	0
Rhizobium sp. NXC14	0	0	0	0	0	1	1	0	0	0	0	0	0	0	0	0	0	0	0
Rhizobium sp. NXC24	0	0	0	0	0	3	2	0	0	0	0	0	0	0	0	0	0	0	0
Rhizobium sp. SSA_523	0	0	0	2	2	0	0	0	0	0	0	0	0	0	0	0	0	0	0
Rhizobium sp. SYY.PMSO	0	0	0	2	2	2	2	0	1	0	0	0	0	0	0	0	0	0	0
Rhizobium sp. TRM95796	0	0	0	1	0	0	1	0	0	0	0	0	0	0	0	0	0	0	0
Rhizobium sp. TRM96647	0	0	0	0	0	1	0	0	0	0	0	0	0	0	0	0	0	0	0
Rhizobium sp. TRM96650	0	0	0	3	1	3	2	0	0	0	0	0	0	0	0	0	0	0	0
Rhizobium sp. WW22	2	1	1	0	0	0	0	0	0	0	0	0	0	0	0	0	0	0	0
Rhizobium sp. WYJ-E13	2	1	1	0	0	0	1	0	0	0	0	0	0	0	0	0	0	0	0
Rhizobium sp. X9	0	0	0	0	0	1	0	0	0	0	0	0	0	0	0	0	0	0	0
Rhizobium sp. YTU87027	0	0	0	1	1	0	0	0	0	0	0	0	0	0	0	0	0	0	0
Rhizobium sp. ZPR3	2	1	1	1	0	0	0	0	0	0	0	0	0	0	0	0	0	0	0
Rhizobium tumorigenes	0	0	0	1	1	0	0	0	0	0	0	0	0	0	0	0	0	0	0
Rhizorhabdus wittichii	0	0	0	0	0	2	1	0	0	0	0	0	0	0	0	0	0	0	0
Rhodanobacter denitrificans	2	1	1	0	0	0	0	0	0	0	0	0	0	0	0	0	0	0	0
Rhodobacter sp. CZR27	4	2	2	1	0	0	0	0	0	0	0	0	0	0	0	0	0	0	0
Rhodococcoides fascians	0	0	0	1	0	1	1	0	0	0	0	0	0	0	0	0	0	0	0
Rhodococcus erythropolis	1	0	1	0	0	0	0	0	0	0	0	0	0	0	0	0	0	0	0
Rhodococcus globerulus	0	0	0	1	1	0	0	0	0	0	0	0	0	0	0	0	0	0	0
Rhodococcus opacus	0	0	0	2	1	1	1	0	0	0	0	0	0	0	0	0	0	0	0
Rhodococcus pyridinivorans	2	1	1	0	0	0	0	0	0	0	0	0	0	0	0	0	0	0	0
Rhodococcus qingshengii	2	0	2	4	6	9	10	0	0	0	0	0	0	0	0	0	0	0	0
Rhodococcus ruber	0	0	0	0	0	1	0	0	0	0	0	0	0	0	0	0	0	0	0
Rhodococcus sp. p52	2	1	1	0	0	0	0	0	0	0	0	0	0	0	0	0	0	0	0
Rhodoferax antarcticus	10	6	5	0	0	0	1	0	0	0	0	0	0	0	0	0	0	0	0
Rhodopseudomonas sp. BAL398	8	4	4	3	5	2	1	0	0	0	0	0	0	0	0	0	0	0	0
Rhodovastum atsumiense	0	0	0	1	1	0	0	0	0	0	0	0	0	0	0	0	0	0	0
Rhodovulum sp. P5	0	0	0	1	2	0	0	0	0	0	0	0	0	0	0	0	0	0	0
Riemerella anatipestifer	1	1	0	0	0	0	0	0	0	0	0	0	0	0	0	0	0	0	0
Ripduovirus RP12	0	0	0	0	0	0	0	0	0	0	0	0	0	0	0	0	0	0	0
Robbsia andropogonis	1	0	1	2	2	1	1	0	0	0	0	0	0	0	0	0	0	0	0
Roseburia sp. 831b	3	1	1	1	1	0	0	0	0	0	0	0	0	0	0	0	0	0	0
Roseibium aggregatum	2	1	1	0	0	0	0	0	0	0	0	0	0	0	0	0	0	0	0
Roseibium porphyridii	2	1	1	0	0	0	0	0	0	0	0	0	0	0	0	0	0	0	0
Roseicitreum antarcticum	0	0	0	1	1	1	1	0	0	0	0	0	0	0	0	0	0	0	0
Roseinatronobacter sp. S2	0	0	0	0	0	2	0	0	0	0	0	0	0	0	0	0	0	0	0
Roseivivax marinus	0	0	0	1	0	0	0	0	0	0	0	0	0	0	0	0	0	0	0
Roseobacter litoralis	0	0	0	0	0	0	0	0	0	0	0	0	0	0	0	0	0	0	0
Roseomonas haemaphysalidis	3	2	1	0	0	2	2	0	0	0	0	0	0	0	0	0	0	0	0
Roseomonas marmotae	1	0	0	0	0	0	0	0	0	0	0	0	0	0	0	0	0	0	0
Roseomonas mucosa	4	2	2	3	1	3	1	0	0	0	0	0	0	0	0	0	0	0	0
Roseomonas sp. FDAARGOS_362	2	1	1	0	0	0	0	0	0	0	0	0	0	0	0	0	0	0	0
Roseovarius indicus	2	1	1	0	0	1	2	0	0	0	0	0	0	0	0	0	0	0	0
Rubrivivax sp. RP6-9	2	1	1	1	0	0	0	0	0	0	0	0	0	0	0	0	0	0	0
Ruegeria conchae	4	2	2	3	4	1	0	0	0	0	0	0	0	0	0	0	0	0	0
Ruegeria pomeroyi	0	0	0	0	0	0	0	0	0	0	0	0	0	0	0	0	0	0	0
Ruegeria sp. AD91A	1	1	0	0	0	0	0	0	0	0	0	0	0	0	0	0	0	0	0
Ruegeria sp. SCSIO 43209	1	0	1	0	0	1	1	0	0	0	0	0	0	0	0	0	0	0	0
Rufibacter tibetensis	0	0	0	1	1	3	3	0	0	0	0	0	0	0	0	0	0	0	0
Sagittula sp. MA-2	4	2	2	0	0	1	1	0	0	0	0	0	0	0	0	0	0	0	0
Sagittula stellata	0	0	0	0	0	0	0	0	0	0	0	0	0	0	0	0	0	0	0
Salinivibrio proteolyticus	2	1	1	1	1	1	0	0	0	0	0	0	0	0	0	0	0	0	0
Salipiger abyssi	0	0	0	0	0	1	2	0	0	0	0	0	0	0	0	0	0	0	0
Salipiger sp. CCB-MM3	0	0	0	0	0	1	0	0	0	0	0	0	0	0	0	0	0	0	0
Salmonella enterica	34	19	15	7	12	57	52	0	0	0	0	0	0	0	0	0	0	0	0
Salmonella sp.	0	0	0	1	0	0	0	0	0	0	0	0	0	0	0	0	0	0	0
Salvovirus salvo	0	0	0	0	0	0	0	0	0	0	0	0	0	0	0	0	0	0	0
Sebaldella termitidis	0	0	0	0	0	0	0	0	0	0	0	0	0	0	0	0	0	0	0
Segatella copri	113	55	51	30	27	21	18	0	0	0	0	0	0	0	0	0	0	1	1
Segatella hominis	40	19	20	9	8	5	4	0	0	0	0	0	0	0	0	0	0	0	0
Senquatrovirus SEN4	0	0	0	0	0	1	1	0	0	0	0	0	0	0	0	0	0	0	0
Septimatrevirus C1	0	0	0	0	0	0	0	0	0	0	0	0	0	0	0	0	0	0	0
Septimatrevirus DLP1	0	0	0	0	0	0	0	0	0	0	0	0	0	0	0	0	0	0	0
Septimatrevirus UFRH1	0	0	0	0	0	0	0	0	0	0	0	0	0	0	0	0	0	0	0
Septimatrevirus epa40	0	0	0	0	0	0	0	0	0	0	0	0	0	0	0	0	0	0	0
Septimatrevirus yazdi	0	0	0	0	0	0	0	0	0	0	0	0	0	0	0	0	0	0	0
Serratia liquefaciens	0	0	0	0	0	0	0	0	0	0	0	0	0	0	0	0	0	0	0
Serratia marcescens	108	54	51	93	85	101	90	318	0	0	0	0	0	0	0	0	0	0	0
Serratia nevei	0	0	0	2	1	0	1	0	0	0	0	0	0	0	0	0	0	0	0
Serratia proteamaculans	15	7	8	2	2	0	0	0	0	0	0	0	0	0	0	0	0	0	0
Serratia symbiotica	5	3	2	3	3	1	0	0	0	0	0	0	0	0	0	0	0	0	0
Serratia ureilytica	0	0	0	0	0	1	0	0	0	0	0	0	0	0	0	0	0	0	0
Sharonstreetvirus LAh7	0	0	0	0	0	0	0	0	0	0	0	0	0	0	0	0	0	0	0
Shenzhenvirus AhSzq1	0	0	0	0	0	0	0	0	0	0	0	0	0	0	0	0	0	0	0
Shenzhenvirus AhSzw1	0	0	0	0	0	0	0	0	0	0	0	0	0	0	0	0	0	0	0
Shewanella algae	41	23	18	10	9	5	6	0	1	0	0	0	0	0	0	0	0	0	0
Shewanella baltica	0	0	0	0	1	0	0	0	0	0	0	0	0	0	0	0	0	0	0
Shewanella bicestrii	0	0	0	0	0	0	1	0	0	0	0	0	0	0	0	0	0	0	0
Shewanella decolorationis	0	0	0	0	0	1	1	0	0	0	0	0	0	0	0	0	0	0	0
Shewanella putrefaciens	0	0	0	1	1	0	0	0	0	0	0	0	0	0	0	0	0	0	0
Shewanella sp. LC6	0	0	0	1	1	1	1	0	0	0	0	0	0	0	0	0	0	0	0
Shewanella xiamenensis	12	6	6	6	5	2	2	0	0	0	0	0	0	0	0	0	0	0	0
Shigella boydii	0	0	0	1	0	0	0	0	0	0	0	0	0	0	0	0	0	0	0
Shigella flexneri	0	0	0	1	0	0	0	0	0	0	0	0	0	0	0	0	0	0	0
Shigella sonnei	1	0	1	1	1	0	0	0	0	0	0	0	0	0	0	0	0	0	0
Shigella sp. FC130	0	0	0	0	0	0	1	0	0	0	0	0	0	0	0	0	0	0	0
Shinella oryzae	0	0	0	14	14	1	1	0	0	0	0	0	0	0	0	0	0	0	0
Shinella sedimenti	0	0	0	1	2	0	0	0	0	0	0	0	0	0	0	0	0	0	0
Shinella sp. HZN7	2	1	1	0	0	0	1	0	0	0	0	0	0	0	0	0	0	0	0
Shinella sp. PSBB067	168	89	76	51	43	26	22	0	0	0	0	0	0	0	0	0	0	0	0
Shinella sumterensis	0	0	0	1	1	1	1	0	0	0	0	0	0	0	0	0	0	0	0
Shinella yambaruensis	0	0	0	1	0	0	0	0	0	0	0	0	0	0	0	0	0	0	0
Shinella zoogloeoides	7	4	3	7	4	2	2	0	0	0	0	0	0	0	0	0	0	0	0
Simplexvirus atelinealpha1	0	0	0	0	0	0	0	0	0	0	0	0	0	0	0	0	0	0	0
Simplicispira suum	9	4	5	0	1	0	0	0	0	0	0	0	0	0	0	0	0	0	0
Sinomonas atrocyanea	0	0	0	0	1	0	0	0	0	0	0	0	0	0	0	0	0	0	0
Sinorhizobium americanum	1	0	0	1	0	1	1	0	0	0	0	0	0	0	0	0	0	0	0
Sinorhizobium chiapasense	0	0	0	0	0	0	1	0	0	0	0	0	0	0	0	0	0	0	0
Sinorhizobium fredii	0	0	0	1	1	0	0	0	0	0	0	0	0	0	0	0	0	0	0
Sinorhizobium medicae	0	0	0	3	0	3	1	0	0	0	0	0	0	0	0	0	0	0	0
Sinorhizobium meliloti	0	0	0	0	0	1	1	0	0	0	0	0	0	0	0	0	0	0	0
Sinorhizobium mexicanum	0	0	0	0	0	2	2	0	0	0	0	0	0	0	0	0	0	0	0
Sinorhizobium sojae	0	0	0	0	0	0	0	0	0	0	0	0	0	0	0	0	0	0	0
Sinorhizobium sp. RAC02	0	0	0	1	1	0	1	0	0	0	0	0	0	0	0	0	0	0	0
Sinorhizobium terangae	7	3	4	1	1	1	2	0	0	0	0	0	0	0	0	0	0	0	0
Skermanella mucosa	2	1	1	1	1	3	3	0	0	0	0	0	0	0	0	0	0	0	0
Skermanella rosea	0	0	0	2	2	1	0	0	0	0	0	0	0	0	0	0	0	0	0
Sorangium sp. So ce119	2	1	1	8	13	0	0	0	0	0	0	0	0	0	0	0	0	0	0
Sphaerotilus sulfidivorans	25	14	9	210	201	13	9	0	0	0	0	0	0	0	0	0	0	0	0
Sphingobium herbicidovorans	4	2	2	2	2	0	0	0	0	0	0	0	0	0	0	0	0	0	0
Sphingobium indicum	0	0	0	0	0	0	0	0	0	0	0	0	0	0	0	0	0	0	0
Sphingobium naphthae	0	0	0	0	1	0	0	0	0	0	0	0	0	0	0	0	0	0	0
Sphingobium sp. AntQ-1	0	0	1	0	0	1	1	0	0	0	0	0	0	0	0	0	0	0	0
Sphingobium sp. CFD-2	2	1	1	0	0	1	1	0	0	0	0	0	0	0	0	0	0	0	0
Sphingobium sp. Cam5-1	0	0	0	1	0	0	0	0	0	0	0	0	0	0	0	0	0	0	0
Sphingobium sp. DN12	0	0	0	1	0	0	0	0	0	0	0	0	0	0	0	0	0	0	0
Sphingobium sp. EP60837	0	0	0	1	1	0	0	0	0	0	0	0	0	0	0	0	0	0	0
Sphingobium sp. JS3065	0	0	0	0	0	1	0	0	0	0	0	0	0	0	0	0	0	0	0
Sphingobium sp. RAC03	0	0	0	11	9	0	2	0	0	0	0	0	0	0	0	0	0	0	0
Sphingobium sp. SJ10-10	0	0	0	1	1	1	0	0	0	0	0	0	0	0	0	0	0	0	0
Sphingobium sp. WTD-1	13	7	6	5	4	3	4	0	0	0	0	0	0	0	0	0	0	0	0
Sphingobium yanoikuyae	0	0	0	1	2	1	1	0	0	0	0	0	0	0	0	0	0	0	0
Sphingomonas aerolata	0	0	0	0	0	3	3	0	0	0	0	0	0	0	0	0	0	0	0
Sphingomonas aliaeris	0	0	0	2	2	0	0	0	0	0	0	0	0	0	0	0	0	0	0
Sphingomonas daechungensis	0	0	0	1	1	0	0	0	0	0	0	0	0	0	0	0	0	0	0
Sphingomonas hankookensis	27	14	11	3	3	108	107	0	0	0	0	0	0	0	0	0	0	0	0
Sphingomonas hengshuiensis	1	1	0	0	0	0	0	0	0	0	0	0	0	0	0	0	0	0	0
Sphingomonas koreensis	0	0	0	1	1	0	0	0	0	0	0	0	0	0	0	0	0	0	0
Sphingomonas naphthae	2	1	1	1	1	0	1	0	0	0	0	0	0	0	0	0	0	0	0
Sphingomonas paeninsulae	0	0	0	1	0	0	0	0	0	0	0	0	0	0	0	0	0	0	0
Sphingomonas panni	1	1	0	17	16	0	0	0	0	0	0	0	0	0	0	0	0	0	0
Sphingomonas parapaucimobilis	17	10	7	14	20	5	4	0	0	0	0	0	0	0	0	0	0	0	0
Sphingomonas paucimobilis	0	0	0	2	2	0	0	0	0	0	0	0	0	0	0	0	0	0	0
Sphingomonas pseudosanguinis	4	2	2	0	0	0	0	0	0	0	0	0	0	0	0	0	0	0	0
Sphingomonas sanguinis	2	1	1	0	0	0	0	0	0	0	0	0	0	0	0	0	0	0	0
Sphingomonas sp. AAP5	0	0	0	3	4	0	0	0	0	0	0	0	0	0	0	0	0	0	0
Sphingomonas sp. FARSPH	0	0	0	1	1	0	0	0	0	0	0	0	0	0	0	0	0	0	0
Sphingomonas sp. GlSt437	5	3	0	1	1	1	2	0	0	0	0	0	0	0	0	0	0	0	0
Sphingomonas sp. LaA6.9	0	0	0	0	1	0	1	0	0	0	0	0	0	0	0	0	0	0	0
Sphingomonas sp. NBWT7	2	1	1	0	0	0	0	0	0	0	0	0	0	0	0	0	0	0	0
Sphingomonas sp. NY01	0	0	0	1	0	0	0	0	0	0	0	0	0	0	0	0	0	0	0
Sphingomonas sp. VDB2	6	3	3	0	0	0	0	0	0	0	0	0	0	0	0	0	0	0	0
Sphingomonas taxi	0	0	0	1	1	0	0	0	0	0	0	0	0	0	0	0	0	0	0
Sphingopyxis fribergensis	0	0	0	1	1	0	0	0	0	0	0	0	0	0	0	0	0	0	0
Sphingopyxis indica	4	2	2	2	2	1	1	0	0	0	0	0	0	0	0	0	0	0	0
Sphingopyxis macrogoltabida	4	3	1	54	44	1	0	0	0	0	0	0	0	0	0	0	0	0	0
Sphingopyxis sp. 113P3	2	1	1	0	0	0	0	0	0	0	0	0	0	0	0	0	0	0	0
Sphingopyxis sp. DBS4	0	0	0	0	1	0	0	0	0	0	0	0	0	0	0	0	0	0	0
Sphingopyxis sp. FD7	0	0	0	71	64	0	0	0	0	0	0	0	0	0	0	0	0	0	0
Spongiactinospora sp. TRM90649	8	4	2	2	2	0	0	0	0	0	0	0	0	0	0	0	0	0	0
Staphylococcus lugdunensis	0	0	0	1	1	0	0	0	0	0	0	0	0	0	0	0	0	0	0
Staphylococcus pseudintermedius	0	0	0	2	2	1	1	0	0	0	0	0	0	0	0	0	0	0	0
Stenotrophomonas maltophilia	19	10	9	14	14	31	28	0	0	0	0	0	0	0	0	0	0	0	0
Stenotrophomonas phage S1	27	14	12	1	1	2	2	0	0	0	0	0	0	0	0	0	0	0	0
Sterolibacterium denitrificans	0	0	0	0	0	3	3	0	0	0	0	0	0	0	0	0	0	0	0
Streptococcus agalactiae	2	0	1	11	10	4	5	0	0	0	0	0	0	0	0	0	0	0	0
Streptococcus dysgalactiae	6	3	3	4	4	1	0	0	0	0	0	0	0	0	0	0	0	0	0
Streptococcus oralis	11	6	5	32	36	28	30	0	0	0	0	0	0	0	0	0	0	0	0
Streptococcus parauberis	0	0	0	0	1	1	1	0	0	0	0	0	0	0	0	0	0	0	0
Streptococcus pasteurianus	3	1	1	9	11	5	3	0	0	0	0	0	0	0	0	0	0	0	0
Streptococcus phage SMP	1	1	0	2	2	1	1	0	0	0	0	0	0	0	0	0	0	0	0
Streptococcus phage phiNJ2	0	0	0	0	0	1	1	0	0	0	0	0	0	0	0	0	0	0	0
Streptococcus ruminicola	0	0	0	1	0	0	0	0	0	0	0	0	0	0	0	0	0	0	0
Streptococcus salivarius	2	1	1	3	0	0	1	0	0	0	0	0	0	0	0	0	0	0	0
Streptococcus sp. FDAARGOS_192	0	0	0	0	0	2	1	0	0	0	0	0	0	0	0	0	0	0	0
Streptococcus suis	7	4	3	6	6	3	2	0	0	0	0	0	0	0	0	0	0	0	0
Streptococcus thermophilus	4	1	3	14	15	41	42	0	0	0	0	0	0	0	0	0	0	0	0
Streptomyces angustmyceticus	1	1	0	0	0	0	0	0	0	0	0	0	0	0	0	0	0	0	0
Streptomyces chartreusis	2	1	1	0	0	0	0	0	0	0	0	0	0	0	0	0	0	0	0
Streptomyces mirabilis	2	1	1	0	0	0	0	0	0	0	0	0	0	0	0	0	0	0	0
Streptomyces okerensis	0	0	0	0	1	0	0	0	0	0	0	0	0	0	0	0	0	0	0
Streptomyces prasinus	0	0	0	0	1	0	0	0	0	0	0	0	0	0	0	0	0	0	0
Streptomyces rapamycinicus	2	1	1	0	0	2	2	0	0	0	0	0	0	0	0	0	0	0	0
Streptomyces sp. 2P-4	1	1	0	0	0	0	0	0	0	0	0	0	0	0	0	0	0	0	0
Streptomyces sp. BHT-5-2	0	0	0	13	13	4	4	0	0	0	0	0	0	0	0	0	0	0	0
Streptomyces sp. CG4	2	1	1	0	0	0	0	0	0	0	0	0	0	0	0	0	0	0	0
Streptomyces sp. NBC_00376	2	1	1	0	0	0	0	0	0	0	0	0	0	0	0	0	0	0	0
Streptomyces sp. NBC_00523	0	0	0	1	0	0	1	0	0	0	0	0	0	0	0	0	0	0	0
Streptomyces sp. NBC_01384	0	0	0	2	2	0	0	0	0	0	0	0	0	0	0	0	0	0	0
Streptomyces sp. NBC_01445	0	0	0	1	1	0	0	0	0	0	0	0	0	0	0	0	0	0	0
Streptomyces sp. NBC_01450	0	0	0	1	0	2	1	0	0	0	0	0	0	0	0	0	0	0	0
Streptomyces sp. NBC_01558	0	0	0	0	0	0	1	0	0	0	0	0	0	0	0	0	0	0	0
Streptomyces sp. P10-4	2	1	1	0	0	1	1	0	0	0	0	0	0	0	0	0	0	0	0
Streptomyces sp. P9-1	2	1	1	0	0	0	0	0	0	0	0	0	0	0	0	0	0	0	0
Streptomyces sp. RK9	10	5	5	3	1	3	3	0	0	0	0	0	0	0	0	0	0	0	0
Stutzerimonas decontaminans	0	0	0	2	2	0	0	0	0	0	0	0	0	0	0	0	0	0	0
Stutzerimonas stutzeri	0	0	0	1	0	10	10	0	0	0	0	0	0	0	0	0	0	0	0
Stygiolobus caldivivus	1	0	1	0	0	0	0	0	0	0	0	0	0	0	0	0	0	0	0
Sukhumvitvirus T25	0	0	0	0	0	0	0	0	0	0	0	0	0	0	0	0	0	0	0
Sulfitobacter faviae	2	1	1	2	1	0	0	0	0	0	0	0	0	0	0	0	0	0	0
Sulfitobacter pontiacus	2	1	1	1	1	1	2	0	0	0	0	0	0	0	0	0	0	0	0
Sulfitobacter sp. THAF37	0	0	0	0	0	1	0	0	0	0	0	0	0	0	0	0	0	0	0
Sulfuricystis multivorans	0	0	0	0	0	2	1	0	0	0	0	0	0	0	0	0	0	0	0
Sulfuriferula nivalis	0	0	0	6	5	1	0	0	0	0	0	0	0	0	0	0	0	0	0
Sulfuriferula sp. AH1	6	2	4	4	3	4	6	0	0	0	0	0	0	0	0	0	0	0	0
Sulfurospirillum diekertiae	0	0	0	2	2	0	0	0	0	0	0	0	0	0	0	0	0	0	0
Sulfurovum mangrovi	1	0	1	15	18	11	15	1	1	0	0	0	0	1	5	0	0	0	0
Tabrizicola piscis	32	15	17	2	2	2	2	0	0	0	0	0	0	0	0	0	0	0	0
Tabrizicola sp. M-4	0	0	0	1	0	1	2	0	0	0	0	0	0	0	0	0	0	0	0
Taranisvirus taranis	0	0	0	0	0	0	0	0	0	0	0	0	0	0	0	0	0	0	0
Tardibacter chloracetimidivorans	0	0	0	0	1	0	0	0	0	0	0	0	0	0	0	0	0	0	0
Tateyamaria omphalii	0	0	0	1	1	0	0	0	0	0	0	0	0	0	0	0	0	0	0
Tautonia plasticadhaerens	0	0	0	1	0	0	0	0	0	0	0	0	0	0	0	0	0	0	0
Teichococcus cervicalis	2	1	0	3	1	1	1	0	0	0	0	0	0	0	0	0	0	0	0
Terribium terrae	0	0	0	0	0	1	1	0	0	0	0	0	0	0	0	0	0	0	0
Terrirhizobium terrae	0	0	0	1	0	0	0	0	0	0	0	0	0	0	0	0	0	0	0
Thalassospira marina	2	1	1	0	0	2	0	0	0	0	0	0	0	0	0	0	0	0	0
Thauera aminoaromatica	2	1	1	2	2	3	3	0	0	0	0	0	0	0	0	0	0	0	0
Thauera aromatica	2	1	1	0	1	0	0	0	0	0	0	0	0	0	0	0	0	0	0
Thauera butanivorans	0	0	0	1	1	2	2	0	0	0	0	0	0	0	0	0	0	0	0
Thauera humireducens	0	0	0	1	1	1	1	0	0	0	0	0	0	0	0	0	0	0	0
Thauera sp. 2A1	0	0	0	1	1	2	1	0	0	0	0	0	0	0	0	0	0	0	0
Thauera sp. K11	14	6	6	1	1	13	11	0	0	0	0	0	0	0	0	0	0	0	0
Thermomicrobium roseum	0	0	0	0	0	0	0	0	0	0	0	0	0	0	0	0	0	0	0
Thermus thermophilus	3	3	1	6	9	3	6	0	0	0	0	0	0	0	0	0	0	0	0
Thioclava litoralis	0	0	0	1	1	0	0	0	0	0	0	0	0	0	0	0	0	0	0
Thioclava sp. 'Guangxiensis'	0	0	0	1	1	0	0	0	0	0	0	0	0	0	0	0	0	0	0
Thioclava sp. GXIMD4216	0	0	0	2	2	0	0	0	0	0	0	0	0	0	0	0	0	0	0
Thiomonas intermedia	2	1	1	0	0	0	0	0	0	0	0	0	0	0	0	0	0	0	0
Thiothrix fructosivorans	15	6	8	3	3	2	2	0	0	0	0	0	0	0	0	0	0	0	0
Thiothrix lacustris	4	1	2	0	0	0	0	0	0	0	0	0	0	0	0	0	0	0	0
Thiothrix subterranea	2	2	0	7	8	0	0	0	0	0	0	0	0	0	0	0	0	0	0
Thiothrix unzii	11	4	7	4	3	1	2	0	0	0	0	0	0	0	0	0	0	0	0
Thiothrix winogradskyi	67	35	29	2250	2141	0	0	0	0	0	0	0	0	0	0	0	0	0	0
Tistrella bauzanensis	0	0	0	2	1	0	1	0	0	0	0	0	0	0	0	0	0	0	0
Tistrella mobilis	7	3	3	14	16	7	8	0	0	0	0	0	0	0	0	0	0	0	0
Toutatisvirus toutatis	0	0	0	0	0	0	0	0	0	0	0	0	0	0	0	0	0	0	0
Treponema saccharophilum	0	0	0	1	1	0	0	0	0	0	0	0	0	0	3	0	0	0	0
Triduovirus Tr2	0	0	0	0	0	0	0	0	0	0	0	0	0	0	0	0	0	0	0
Tritonibacter mobilis	10	3	5	11	13	25	26	0	0	0	0	0	0	0	0	0	0	0	0
Tsukamurella tyrosinosolvens	37	17	19	21	20	10	9	0	0	0	0	0	0	0	0	0	0	0	0
Uetakevirus epsilon15	0	0	0	0	0	0	0	0	0	0	0	0	0	0	0	0	0	0	0
Vagococcus fluvialis	0	0	0	0	0	1	1	0	0	0	0	0	0	0	0	0	0	0	0
Variovorax paradoxus	63	32	31	258	235	199	191	22	6	2	0	0	0	0	0	0	0	0	0
Variovorax sp. 350MFTsu5.1	0	0	0	1	1	0	0	0	0	0	0	0	0	0	0	0	0	0	0
Variovorax sp. EBFNA2	27	15	12	12	9	15	19	0	0	0	0	0	0	0	0	0	0	0	0
Variovorax sp. PBL-E5	0	0	0	3	2	0	0	0	0	0	0	0	0	0	0	0	0	0	0
Variovorax sp. PDNC026	20	10	10	44	38	12	16	0	0	0	0	0	0	0	0	0	0	0	0
Variovorax sp. RA8	2	0	2	3	0	0	1	0	0	0	0	0	0	0	0	0	0	0	0
Variovorax sp. SCN45	19	13	4	5	4	4	2	0	0	0	0	0	0	0	0	0	0	0	0
Variovorax sp. SRS16	0	0	0	0	0	2	1	0	0	0	0	0	0	0	0	0	0	0	0
Variovorax sp. UC74_104	3	2	1	0	0	1	2	0	0	0	0	0	0	0	0	0	0	0	0
Variovorax sp. V116	2	1	1	0	1	1	2	0	0	0	0	0	0	0	0	0	0	0	0
Variovorax sp. V15	0	0	0	0	1	1	1	0	0	0	0	0	0	0	0	0	0	0	0
Variovorax sp. V213	37	19	16	16	11	12	13	0	0	0	0	0	0	0	0	0	0	0	0
Variovorax sp. WDL1	2	1	1	1	1	1	1	0	0	0	0	0	0	0	0	0	0	0	0
Variovorax sp. WS11	18	9	8	27	26	6	9	0	0	0	0	0	0	0	0	0	0	0	0
Variovorax sp. YR566	0	0	0	0	1	1	1	0	0	0	0	0	0	0	0	0	0	0	0
Vequintavirus murica	0	0	0	0	0	0	0	0	0	0	0	0	0	0	0	0	0	0	0
Verminephrobacter eiseniae	65	34	30	4	8	2	4	0	0	0	0	0	0	0	0	0	0	0	0
Vescimonas fastidiosa	1467	745	680	86	75	132	129	1	1	0	0	0	0	0	0	0	0	0	0
Vibrio alginolyticus	0	0	0	0	0	1	0	0	0	0	0	0	0	0	0	0	0	0	0
Vibrio anguillarum	0	0	0	1	1	0	0	0	0	0	0	0	0	0	0	0	0	0	0
Vibrio chagasii	0	0	0	0	0	1	1	0	0	0	0	0	0	0	0	0	0	0	0
Vibrio cholerae	0	0	0	6	7	1	2	0	0	0	0	0	0	0	0	0	0	0	0
Vibrio fluvialis	0	0	0	0	1	0	0	0	0	0	0	0	0	0	0	0	0	0	0
Vibrio fortis	6	3	3	4	3	16	15	0	0	0	0	0	0	0	0	0	0	0	0
Vibrio furnissii	0	0	0	2726	2678	30	28	0	0	0	0	0	0	0	0	0	0	0	0
Vibrio metschnikovii	0	0	0	2	2	1	1	0	0	0	0	0	0	0	0	0	0	0	0
Vibrio owensii	2	1	1	1	1	0	0	0	0	0	0	0	0	0	0	0	0	0	0
Vibrio parahaemolyticus	2	0	2	1	0	1	1	0	0	0	0	0	0	0	0	0	0	0	0
Vibrio rumoiensis	0	0	0	1	1	0	0	0	0	0	0	0	0	0	0	0	0	0	0
Vibrio sp. THAF190c	22	12	9	29	30	132	129	0	0	0	0	0	0	0	0	0	0	0	0
Vimunumvirus ST147VIM1phi71	0	0	0	0	0	0	0	0	0	0	0	0	0	0	0	0	0	0	0
Vitreoscilla filiformis	9	4	4	4	5	8	6	0	0	0	0	0	0	0	0	0	0	0	0
Vitreoscilla stercoraria	6	3	3	12	10	4	4	0	0	0	0	0	0	0	0	0	0	0	0
Wadgaonvirus wv5004651	0	0	0	0	0	0	0	0	0	0	0	0	0	0	0	0	0	0	0
Xanthomonas axonopodis	0	0	0	0	0	0	0	0	0	0	0	0	0	0	0	0	0	0	0
Xanthomonas campestris	0	0	0	0	0	0	0	0	0	0	0	0	0	0	0	0	0	0	0
Xanthomonas cerealis	0	0	0	0	0	0	0	0	0	0	0	0	0	0	0	0	0	0	0
Xanthomonas citri	1	1	0	6	5	21	16	0	0	0	0	0	0	1	0	0	0	0	0
Xanthomonas citri phage CP2	2	1	1	0	0	0	0	0	0	0	0	0	0	0	0	0	0	0	0
Xanthomonas euvesicatoria	80	39	36	94	89	2	2	0	0	0	0	0	0	0	0	0	0	0	0
Xanthomonas perforans	35	17	17	1	1	13	11	0	0	0	0	0	0	0	0	0	0	0	0
Xanthomonas phaseoli	0	0	0	0	0	0	0	0	0	0	0	0	0	0	0	0	0	0	0
Xanthomonas sacchari	4	2	2	14	15	26	24	0	0	0	0	0	0	0	0	0	0	0	0
Xanthomonas sp. NCPPB 1754	0	0	0	1	0	0	0	0	0	0	0	0	0	0	0	0	0	0	0
Xanthomonas vasicola	4	3	2	0	0	1	1	0	0	0	0	0	0	0	0	0	0	0	0
Xenorhabdus nematophila	1	0	1	0	0	0	0	0	0	0	0	0	0	0	0	0	0	0	0
Xooduovirus Xoosp2	0	0	0	0	0	0	0	0	0	0	0	0	0	0	0	0	0	0	0
Xylella fastidiosa	1	1	0	43	36	0	1	0	0	0	0	0	0	0	0	0	0	0	0
Yersinia aleksiciae	0	0	0	0	0	1	1	0	0	0	0	0	0	0	0	0	0	0	0
Yersinia frederiksenii	0	0	0	1	1	0	0	0	0	0	0	0	0	0	0	0	0	0	0
Yersinia massiliensis	0	0	0	1	0	0	0	0	0	0	0	0	0	0	0	0	0	0	0
Yersinia pestis	3	2	1	6	6	1	5	0	0	0	0	0	0	0	0	0	0	0	0
Yersinia pseudotuberculosis	2	1	1	5	3	1	1	0	0	0	0	0	0	0	0	0	0	0	0
Yersinia ruckeri	0	0	0	0	0	1	0	0	0	0	0	0	0	0	0	0	0	0	0
Yuavirus PAE1	0	0	0	0	0	0	0	0	0	0	0	0	0	0	0	0	0	0	0
Zicotriavirus ZC08	0	0	0	0	0	0	0	0	0	0	0	0	0	0	0	0	0	0	0
Zymomonas mobilis	0	0	0	0	0	0	0	0	0	0	0	0	0	0	0	0	0	0	0
